lang,topic,question,answer
fr,"Manger/Dormir/Banque
",Logement,Certaines ONGs les hebergent.Voyez 'Services utiles/ou journaux'.Les agences immobileres vous exigent des frais de loyer a payer au debut de chaque mois. On peut vous demander de payer les frais de caution d'un mois pour le loyer. Il faut signer le contract pour loyer.
fr,Manger/Dormir/Banque,Explusions,"La loi protege les refugies et demadeiurs d'asuyle de l'expulsion illegale.Le bailleur devra avoir un ordre du tribunal avant de vous expulser; sans cela, le bailleur ne peut pas vous forcer l'eviction.Contactez le Tribunal de Location des Maisons sur 011 630 5035/0800046873.En cas de dispute entre locataire et bailleur ou au cas du mauvais tratement."
fr,Manger/Dormir/Banque,Problemes bancairs,"Les banques ignorent parfois les droits des refuges et demandeurs d'asyle yant un permis valide.Ils peuvent refuser de vous ouvrir le compte bancaire. FNB, Standard Bank et Nedbank acceptent les permis des demandeurs d'asyle et refugies.Renseignez-vous aupres aux autres  immigrants sur les banques qui acceptent les refugies et demandeurs d'asyle."
fr,Manger/Dormir/Banque,Copmte bancair,"Age de 16 ans ou plus avec un valide pemis.Apportez les documents exiges come preuve do votre residence, permis et l'argent pour ouvrir le compte etc.Vous pouvez avoir tous les documents; la banque aura toujours a decider s' il faudra vous ouvrir un compte ou non. Un avocat peut vous assister a ouvrir un compte."
fr,Manger/Dormir/Banque,Autres options,Les epargnes et cooperatioves de credit souvent ouvrent des comptes bancaires pour les refugesi.Ils operent comme les syndicats de credit.Ils n' operent pas comme des banques ordinaires. 
so,cuntada/seexadka/bangiyad,adeega baahida degdega ah,hayadaha  qaar waxay kaa caawinayaan in aad hesho waxoogaa. Sida guri la aanta  waxaad aragtaa waxa muhiimka.  Waaxad kala socon kartaa  khuseeya daryeelka jaraa idada ama xarumaha. Wakiilka ka ah bilowga bil kasta waxa laga yaaba in lagu way diiyo lacagta inta adan ka bixin guriga ama adan tagin waxaana muhiim.
so,cuntada/seexadka/bangiyad,guri ka saarid,"Sharcigu waxuu difaacaya qaxootiga iyo  magangalyo. Sharci daro ah lagaga saaro guryaha  ninka guriga, an maxkamad inta uuna huriga ka saarin  in xoog uga saaro ama uu u hanjabo haday taas dhacdo  waxada u xilsaaran guryaha 011-630-5035 ama 0800-046-873 hadad  dareento hanjabaad."
so,cuntada/seexadka/bangiyad,dhib xaga bangiyada ah,Hadii ay kugu adagtahay in aad furati akownti bangi SA. Ogato xaq qaxootiga  iyo magan galyo doonka marka shaqaynayo hadii ay ku diidaa.Furo akownti  waxaad ogaato in ay istimaali karaan warqada sharciga ama aydhiga waliba bangiyada FNB IYO STARDARD baangi waydii meesha kugu dhaw eed ka furan karto
so,cuntada/seexadka/bangiyad,akowntigaga iyo iwm,waan in aad noqoto 16 sano iyo kasii wayn sharci shaqaynaya waan in ad haysto waa in ad gacanta ku wadato aqoonsiga qaxootinimo iyo cadayn meesha aad dagantahay kirada aad bixiso warqada ad wax ku qadato mama dakhligaga  akown furashdada waxaad u martaa wado sharciya waxay kaa cawin in aad furato durba
so,cuntada/seexadka/bangiyad,qaybo kale,kayd sashada iyo amahaha waa kuwa lagala shaqeeyo qaxootiga  ama loo furo sida dadka jamaca ah kuwaas oo si wada jira wax ugu rita mel kuwaas maha ku caadiga ah
sw,Kula/Kulala/Benki,Malazi,"NGO hupatian ufumbizi wasio na makaazi.Ona 'Huduma Muhimu' maelezo. Uliza wakimbizi kwa maelezo makaazi.Angia gazeti matangazo. Makala hulipa ada. Koli hulipwa. Unafaa kuliapa amana (miezi) kabla kuingia. Ikiwezekana,saini mwenye nyumba. Uliza magizo kama wewe mpangaji."
sw,Kula/Kulala/Benki,Kufukuzwa,Sheira hulinda wakimbizi kinyume cha sheria. Mwenye mali awe na mahakama kabla kukutoa. Kumbuka. Mahakana ina nguvu kuondoa. Mwenye mali hawezi kukutishia kukufuza kwa mali yake. Pigia Rental Housing Tribunal kwa 011-630-5035 au 
sw,Kula/Kulala/Benki,Matatizo ya Benki,"Ni vigumu kufunguwa akaunti ya benki SA. Benki hawajui haki ya wakimbizi wenye kibali halali. Wanaeza kataa kukufungulia akaunti. Wakimbizi wanaeza kutumia vibali vyao kufungua akaunti . Wanatumia vibali vya hifadhi au ID vitambulisho. Benki kama FNB,Standard Bank na Nedbank wanasaidia wakimbizi. Uliza marafiki benki katika eneo lako ambao zinakaribisha wakimbizi."
sw,Kula/Kulala/Benki,Akauti ya Benki,"Lazima uwe na umri wa miaka 16 na kibali au ID. Uwe na ushahidi wa anuani, mkataba wa kodi,bili ya simu, bili shirika kwenye majina yako. Ushahidi wa  mapato  au kiapo. Unahitaji pia pesa kwa benki. Kama una hati sahihi, benki itamua kukupa akauntu. Unaeza uliza pia mshauri kisheria usaidizi wa  kufungua akaunti ya benki."
sw,Kula/Kulala/Benki,Chaguzi Nyingine,Akiba na ushirika hufungulia wakimbizi akaunti.vyama ya mikopo. Vinatumika kama Vyama mikopo.Ni makundi ya  watu huweka akiba na kukopesha pesa pamoja. Hawatumiki kama benki za kawaida.
fr,Education,Ecole,"La creche / creche est pour les enfants de 0 - 6ans, ecole primaire, de 7-13 ans et le secondaire 13 - 19 ans. Si vous ne pouvez pas payer les frais scolaires, demandez a l' ecole d' y travailler pour couvrer les frais pour votre enfant. L' enfant devra avoir unvisa ou passeport valide en RSA pour etudier.  En RSA, c'est une loi pour l'enfat d'aller a l'ecole. Conseil: l'age de l'ecole pour l'enfant est flexible. Ainsi les enfants de different age peuvent etre dans une meme classe. Les ecoles publiques ne permettent pas que l' enfant sois plus age de 2ans que ses camarades de classes."
fr,Education,Demande,"Les enfants -refugies et les demandeurs d'asyle ont les memes droits a l'education de base que les enfants sud-africains. Faites les enregistrer a l' ecole primaire proche de vous. Prenez l'ami pour vous aider si votre anglais n'est pas bonne. Les inscriptions  commencent en juillet. S' il vous est difficile d' obtenir l'admission de l' enfant dans une ecole proce de vous, demander au directeur de l'ecole un lettre formelle pour cela et contactez le DOE. si cela ne marche pas, approchez le pourvoyeiur des services sociaux ou LHR. Pour plus d'info, voir la liste des contacts."
fr,Education,Conseils,"Les parents/guardiens devront enregistrer l' enfant.Donnez vos details de contact de votre famille. Remettez a l' ecole une copie certifiee de l' enfant et /ou des parents et le certficat de vaccination.Vous pouvez obtenir la carte de vaccination, si vous n'en avez pas, dans les 3 mois dans une clinique locale de la municipalite. "
fr,Education,Frais scolaires,"Si vous ne pouvez payer les frais scolaires, demandez les formaulaires d'exemption disponible a l'ecole et completez-les. Vous devez produire une preuve de vos revenus (bulletin de payment, declaration, lettre etc) & donner l'info sur vos depenses & responsabilites. Postuler pour l'exemtion a chaque debut du trimestre. Garder l'evidence de rendez-vous, lettres avec l'ecole.  Si vous ingoez les avis, l'ecole peut vous faire payer. Une ONG - voir sur la liste des contacts - peut supporter les etudes  (uniformes, materiel scolaire, minerval etc). Si vous ne pouvez pas payer l'uniforme, votre enfant peut porter les habits de la meme couleur mais doit aller etudier. Ne ne devriez payer les frias d'inscription.Les ecoles publiques ne refuse pas  l' enfant quand vous ne pouvez pas payer."
fr,Education,Besoins speciaux,"Les enfants avec les besoins speciaux vont dans des ecoles appropriees.Sur ce, contactez le DOE a propos des ecoles.Enregistrer l' enfant dans une telle ecole speciale est un long processus.Faites enregistrer votre enfant sur la liste d' attende le plutot possible."
fr,Education,Universite,"Vous pouvez faire l' universite ou evaluer vos diplomes de votre pays d' origine a ceux de la RSA.La qaulification universitaire peut vous aider a entrer dans le marche du travail. Etant refigie, l'education tertiere n'est pas guarantie. Vous pouvez postuler pour etudier a l' universite ou technikon avec plus de formation practique en RSA. Contactez le bureau international des etudiants dans l' universite / technikon de votre choix.Demandez plus d' info sur leurs normes."
fr,Education,Conseils  sur l'universite,"Vous devez payer les frais d' enregistrement international & les frais scolaires locales. Introduisez un formulaire de SAQA avec des copies des diplomes certifies par SAQA de vos releves scolaires. le processus peut prendre 3 mois. Vous passerez un test d' anglais au TOEFL, IELTS, PTEEP pour provez vos connaissances anglaises. Les info sur les bourses sont disponibles a l'internet ou au bureau de l'uni/tech. Le HCR offre une bourse DAfi pour les refugies d'en dessous de 28 ans ayant finit les humanites.Voir 'Services utiles' pour les conditions."
fr,Education,Education d' un adult,"Il y a des organisations et communautes des refugies qui offrent l'education des adultes - refugies ou demandeurs d'asyle, la pluspard de ce genre d'education est gratuite. Certains centres de formation offrent les cours des langues. Les efforts personnels et formations professionnelle aident pour avoir de l' emploi. L'education des adultes encourage l'integration sociale en RSA. Voir 'Services utils' pour plus d'info.'  "
so,waxbarashada,isgoolka,Goob dar yeel ciyaalka malinta waa qab isgool inta u dhaxaysa 1-6 sano dugsiga hoose wxaa gali kara 7-13 dugsi dhexe 13-19.Hadii adan bixin karin waydii ku ka jaban ood bixin kartid waa  sharciyo SA.Talo mararka qaar waxaa dhacda in ilmu tago galaas uu  marka sawladu iyadu ma ogala in ka badan labo sano u kor dhafo.
so,waxbarashada,codsigaaga,sida magan galyada ama qaxootiga ciyaalku waxay xaq u leeyihiin wax barashada as aasiga k afrika diwaan gali isgoolka kuugu dhaw hadii adan ingillska adan ku fiicnayn  kaxayso sxb ku caawiya si dagdaga u codso isgoolku in uu buuxsamo ayaa laga yaaba  haduu kaa buuxsamo wan in aado waaxda wax barashada hadii laguu diido  isgoolka waan in ay warqad ku soo siiiyaan taas oo leh saxeexa madaxa xafiiska hadii kle la xidhiidh waxda adeega bulshada dhinaca wax barashada ama sharciyaqaanada u dooda xuquuda adama la xidhiidh 
so,waxbarashada,talooyinka,waalidku waa in ay diwaan galiyaan ilmaha si saxa xidhiidhkaaga mesha aad tagan tahay boostadada telefoonkaga  shahaadiga isgooka kobiga sharcigaga/kiisa  warqada talaalka ama tisa cafimaadaka ilaa sedex bilood
so,waxbarashada,gunada isgoolka,hadadan awoodin in aad bixiso gunada isgoolka waydiiso in ay k dhimaan gunada tus warqada aad lacagta ku qaadato/cadayn io qoraal aad ku cadanayso codsigaaga taageere ka war bixi masuuliyada ku saaran sida aad wax u mamusho codso in lagaa cafiyo bilowga qoraalka ilaali dhamaan qoraalada  balamaha isgoolka  hadad is dhaga mariso ogasiisyada ama haday ku diidan waxaad la xidhiidhaa hayadaha aan dawliga ahayn cadsi qoraal ah  sida dharka isgoolka o kle  hadii uuna ilmahagu haysan dharka isgoolka xataa wuu adi karaa  ama mid u eg ayu xidhan karaa  ta labaad waxaad waydiin kartaa isgoolka mesha jaban isgoolka dad wanaha kuma wadiin karaan lacag guna ah  isgoolka dadwaynaha 
so,waxbarashada,wax yalaha aad si gara ugu bahantahay,wax barashada gaaraha  aad meelaha sida gaarka ah wax loogu baro ciyaalka la xidhiidh waaxda wax barashada gaarka ah wadii messha  waana arin wakhti qaadan karta  hel liiska lagu qoro ciyaalka  sida ugu suurta galsan
so,waxbarashada,jamacada,"waad sii kordhisan karta aqoontaada, wadna badali kartaa culuumta aadbaranayso adoo iskubadalaya aqoontii dalkaga iyo aqoonta sare SA, shahaadada nooca sare ee SA waxay kaa caawinaysaa heltaanka shaqada, inkasta oo aqoonta qaxootiga aan damanad lasiinkarin hadana bari jaamacada farsamada lana xidhiidh qaybta farsamada iyo aqoonta dibada ee kuliyada aad baranayso. adoo waydiinaya heerkooda "
so,waxbarashada,tallooyin gara,Waa in aad bixiso diwaan galinta ah. Barashada caadiga ah waxaad u gubin kartaaa.  Waxada xaqiiji luuqada ingiriiska.  Shahaadigaaga waxbarsho iyo koobiyada aad haysto. Kadibna hubi deeqdada wax barasho waxaad la xidhiidhi kartaa  qaxootiga waxda waxbarshada waxyna hawshan haysay 28  sano taas oo ka koobnayday noocyo.
so,waxbarashada,wax barashada dadka waa wayn,Mararka qaar waxaa dhacda hayadaha aan dawliga ahayn iyo gudiyada. Wax barasho  dadka magan galyo doonka. Inta badan wax barashda dadka waawayn waa bilaash.   Waa iskaa wax u qabso sida luuqada ingiriiska  ama xirfado  u ah shaqada.  Dadka waawayn waxay kugu dhiiri  is dhexgalka waxyaalo mihiim.
sw,Elimu,Shule,"Creche in shule ya miaka 1-6. Shule ya msingi  7-13.Shule ya Sekondari (taalamu au kiufundi): 13-19. Kama huwezilipa ada, Uliza kufanya kazi badala  bei nafuu. Mtoto lazima awe na viza na pasipoti kuishi SA. Lazima watoto wende shule-ni sheria. Mwanga: Umri wa makundi shuleni ni rahisi, hivyo mtoto anaweza kuwa na umri mkubwa kuliko wenzake, lakini shule nyingi za serikali haziruhusu wanafunzi kuwa miaka 2 zaidi ya umri wa daraja."
sw,Elimu,Maombi,"Watoto wa waombaji wa kimbizi &wakimbizi wana haki ya masoma  ya msingi kama watoto wa SA..Sajili katika shule za msingi  karibu na we. Chukua rafik mabe anaweza kukusaidia. Shule zinajaa haraka omba mapema (kutoka July). Kama shule imejaa, watakuonyesha  shule nyingine ya kukusaidia .Kama inashindikana karibu nawe, watakutuma kwenye  Idara ya Elimu ( kusajili mtoto , omba barua ambo inasainiwa na mkurugenzi uipeleke DOE. Kama bado hupati shule ? Wasiliana na na mfanyakazi wa kutoa huduma za elimu au LHR.Angalia kwe Orodha ya mawasiano kupata habari zaidi."
sw,Elimu,Mwanga,"Mzazi au mlezi asajili mtoto. Patia familia mawasiliano: anuani, anuani posta na numbari simu. Kutoa na kuthibitishwa copies ya mtoto/ mzazi kibali cha chanjo. Kama hauna chanjo cha mtoto lazima upate na miezi 3 kwa local munisipaa klink."
sw,Elimu,Ada ya shule,"Kama lipa ada ya shule, uliza wakupunguzie fomu. Lazima ushahidi ya (payslip/kiapo/burua msaada) & majukumu. Omba msamaha. Weka barua zote&uteuzi ya shule. Ukipuuza unaweza lipa. Pigia NGO kusadia na sare. Kama mtoto hana sare avae inayo fanana. Uliza shule. Kama hujalipa kusajili. Shule ya umma hawaezi kuliza hela."
sw,Elimu,Mahitaji maalum,Watoto wenye mafunzi maalum unaweza enda shule maalum. Pigia Department of Education na ulize shule zao. Kupeleka mtoto wako shule maalum ni mchakato. Patia mtoto wako listi ya kuongoja haraka.
sw,Elimu,Chuo kikuu,Unaweza soma university kuzidisha elimu yako au kubadilisha elimu ya nyumbani kama degree. Univerity huweza kusadia kuendeleza kuwa kazi. Mkimbizi elimu sio uhakika. Unaweza omba university au ufundi. Ufundi ni shule ya vitendo. Pigia international student office uliochagliwa university au ufundi. Uliza maelezo zaidi.
sw,Elimu,Mwanga wa Chuo kikuu,"Utalipa  ada za kimataifa & ada za mitaa kujisajili shuleni. Wasilisha fomu iliyokamilika  pamoja na SAQA - nakala zilizothibithishwa za  rekodi zako za kitaaluma . Mchakato inaweza kuchukua miezi 3 . Thibitisha ustadi wako Kiingereza kwa kuchukua mthihani ya  TOEFL , IELTS au PTEEP. Udhamini fedha & maelezo inapatikana online au katika  ofisi za maelezo za vyuo vikuu / vyuo fundi. UNHCR inatoa Dafi Scholarship kwa wakimbizi chini ya miaka 28 walipomaliza Elimu ya Sekondari ( si shahada ya juu ). Angalia ' Huduma muhimu ' kwa maelezo & Mahitaji ."
sw,Elimu,Elimu za watu wazima,NGO na jamii ya wakimbizi husaida watu wazima na elimu ya bure. Mipango ya elimu in bure. Mahali pengine hupeana lugha ya kingereza. Mipango ya kujisaidia na mafunzo ni muhimo wanaotafuta kazi. Mipango ya husaidia mashirikiano SA. Ona 'Huduma Muhimu' maelezo zaidi.
fr,Sante,Couts de santes,"Les refugies et demandeurs d'asyle payent autant d'argent que les citoyens de la RSA. Vos frais sont determines par un test. Si vous n' avez pas de bon document vous payez cher. Apportez votre: ID, permis, carte de RDV, fiche de paye, preuve de domicile. Malade? Allez dans une clinique proche de vous ou a l' hopital si votre cas est urgent."
fr,Sante,Clinique/Hopital,"Aux cliniques les medicaments sont souvent gratuits. Faites un rendez-vous au clinic qui vous est proche, sauf si c'est l'urgence. Apportez votre permis Section 22/24. Si en attente du permis; contactez une ONG pour une lettre (voir 'Services Utiles'. Vous avez besoins d'une lettre pour aller a l'hopital sauf si c'est l'urgence. Sii vous ne pouvez payer les frais des hopitaux publiques, faites un affidavit a la police pour expliquer ou contactez une ONG.  N'allez pas au Docteurs prive si vous ne pouvez pas payer."
fr,Sante,Assistance Trauma ,"Traumatises suites a certains evenements peut conduire au SSPT/PTSD: Singes de PTSD: problemes de dprmir, concentration, cauchemar et autres.Partager votre histoire si vous avez PTSD. Lors des conseils sociaux, vous parlerez de vos experiences, etat emotionelle. Visitez: Le Centre de Trauma a JHB ou le Centre de Trauma pour les Rescapes de la Violence ou Torture au Cape Town. Il y a en RSA des autres cliniques de trauma. Voir la 'Liste de Contact' pour plus d' info."
fr,Sante,VIH/Sida,"Le VIH peut vivre cache pendant environ 10 ans. Il faut connaitre votre statut et prendre le traitement pontuellement pour vontre sante. VIH affaiblit la force de votre corps pour lutter contre les infections comme la pneumonie. Il n y a pas de remede pour le VIH.L' infection se transmet par  le sang, comme lors de l'injection sans sterilisation du materiel ou avour les relations sexuelles sans protection. Si vous etes VIH+ enceintes , votre enfant peut etre infecte dans le ventre, apres sa naissance et par le lait maternel. Conseil: Vous n' etes pas infectes par le VIH par un contact ordinnaire comme marcher ensemble, baiser ou le partage de l'espace."
fr,Sante,Le test du VIH,"Vous puvez connaitre votre statut sur le VIH par un test de sang, disponible dans tant de centre de sante. Le teste est gratuit. Vous aurez des conseils avant et apres le l'examen. Souvent on fait 2 examens. Les resultats sortent dans les 20 min. L' echantillon de votre sang pourrait aller au laboratoire, et les resultats sortent apres quelques jours.Les examens de VIH sont precis.Plusieurs organisations offrent le test de VIH,counselles sociaux et traitement.Visitez: www.tac.org.za ou La List de Contact pour plus d'info."
fr,Sante,PTME,"Femmes enceintes avec VIH doivent etre traitees avec la Nevirapine, disponible aux centre de sente gouvernementaux et protegent l'enfant contre l'infection du VIH los de la naissance. Le neverapine est un  antiretroviral (ARV), Voir la list de contact/www.tac.org.za "
fr,Sante,Traitement de ARV,"Le traitement de l' ARV commence pendant que les malidies liees au VIH manifestent les faiblesses et les CD4 chuttent a 350. L' ARV peut commencer  8-10 ans apres l' infection pour certain. Consultez le medecin pour votre bonne traitement.Cela ne depend pas de votre genre de permis , vous avez droit au traitement d' ARV gratuit."
fr,Sante,Abus sexuel,"Si vous voulez reported la violence sexuelle, allez a la police avec les preuves de la scene. Ca vous aide pour le proces. Vous pouvez changer les habits mais prenez avec vous ce que vous etiez habilles lors de l'incident avec vous; vous n'avez pas besoin de raporter ceci pour avaoir les soines medicaux. Si vous etiez VIH negatve avant le viole, vous avez droit 28 jours pour un traitement d' ARV dans les 72 heurs de l'incindent pour prevenir le VIH. Informez-vous a: Lovelife: 0800121900;AIDS ' Ligne d'assistance: 0800 01 2322/ 0800 11 0605"
so,cafimaadka,qiimaha cafimadkaagu ku kacayo,"Qaxootiga ama soo galootiga  waxay bixiyaan waxoogee guno ah  oo laga qaado. Ogaw waxa lagaaga. Waxaad  gunada ugu qaalisan waxaa lagaag baahan  .Aqoonsigaga meedha aad dagan tahay talo kolka goobta caafimaad ee kugu dhaw(clinic) hadii ayna ku caawin karin,  waxay kuu qorayaan ama hadii aad tahay  arin degdega toos."
so,cafimaadka,dhakhtarka iyo kiliinigyada, Caafimaadka waxay kaa caawinaysaa  dhinaca  waa bilaash. Ka qabso cafimaad ee kuugu dhaw  sharcigaga oo shaqaynaya(your valid saction 22 ) fiirso adeega muhiimka kuu ah si aad waxaad u baahan tahay. Caafimaad ee kugu dhaw wax guno  ah na ma bixinaysid hel cadayn  boolis si ay u  goobta gaarka loo leeyahay.
so,cafimaadka,jah wareeerka,"Dhibka iyo jahwareerka, Xadgubka/xanuunka.Dabeeciga ah waxay kuu hor seedi kartaa fikir iyo qas aan cadi ahayn waxaas ka sii daa  waxaanad u in aadan helin caawin kugu filan la wadagi hayada ay khusayso arim,aha  waxaana jira goobo cafimaad oo ka shaqeeya arintaas sida joobeeg  ama kebtown si toosa."
so,cafimaadka,cudurka dilaaga ah ee aydhiska,"xanuunka dilaaga ah e aydhiska hel toban sano/10sano oo dawo ah walib si deg daga ayaa laguu caawin waxayna kuu hor seedi xalad caadi ah tabar yareda aydhiska ayay wax badan ka taraysa iyo la dagaalanka xanuunka infakshinka sida dhiig la aanta hadii aydhis jiro waa xanuun halis ah waxaanad iska ilaalisaa galmo aan lahayn difaac wax la istimalay sida xiirintaanka ama alabta afka leh hadii aydhis ku hayo hadana aad uur leedahay waxaa suurta gal ah in ilmahaagu yesho mrkuu ka soo dago makankkadib dhalshada ama quudinta naaska  hdaba ,, talo,, wax dhiba malah hadii ad dhunka to ama aad wax la wadaagto"
so,cafimaadka,baadhitaanka aydhiska,Ogow xanunka aydhiska waxaad u baahan tahay in la baadho. Diyaar ku yihiin kooxa baadhidu waa bilaash. Mararka waxay qadataa 20 waxuu toos ugu dhacayaa rugta waxay qaadato.Waxaana kawada shaqeeya hayada badan SA habka caafimada xanuunka ama dawaynta waxaad la xidhiidhaa  www.tac.org.za kala xidhiidh.
so,cafimaadka,arimaha khuseeya ka difacida hoyada uurka leh aydhiska,qofta uurka leh hadan aydhiska qabta waxay ka codsan kartaa goobta caafimaadka kiniinka la dhahonerafobin(nervirpine) waxuu ka difaacaya xanuunka dilaga ah iyo infakshinka la xidhiidh www.tac.org.za waaxada dawaynta 
so,cafimaadka,qofka la nool xanuunka dilaga ah iyo qabka u dawada u qaato,Waxada la dagaalanka xanuunka dilaaga bilaaban  markii uu khadar gadho. Marka ama uu hoos maro 350 c   inta bada waxay bilaaba taa ama ay gaadhaa 8 ilaa 10 sano inta badan isku mid ma noqdo. Dhakhtarka hel dawo  lamana xidhiidho waxa sharcigagu yahay la xidhiidha cida aad tahay e waa in aad hesho daaawayn bilaasha.
so,cafimaadka,xadgudubka galmada,"Hadii lagugu kufsaday toos u aad booliska. Ha qabaysan ama ha galin musqul. Waxay kaa cadaynta dharka waad badalan kartaa  in aad war galiso. Hadii hore waxay noqonaysa in ad  qadato. Waxaad xaq u leedahay 28 difaacda xanuunka dilaaga ah lkn waa in ay qadato 72. Jacelka 0800121900, cawis   0800012322  AID 0800110605."
sw,Afya,Gharama za matibabu,"Wakimbizi na Waombaji wa Ukimbizi hulipa ada moja na raia ya SA. Ada inaamuliwa baada ya mtihani, ambayo huamua ada ruzuku. Kama hauna hati, utalipa ada bei juu. Peleka pamoja nawe yafuatao: ID, kibali; kadi ya uteuzi ; karatasi ya mshahara au ushahidi wa mapato, anuani. Mwanga : Mgonjwa? Nenda kliniki-kama hawasaidie, watakupa barua, nenda hospitali."
sw,Afya,Kliniki/Hospitali,"Kliniki hutoa matibabu/dawa,kwa bure. Fanya uteuzi kliniki ilio karibu na we. Chukua kibali cha  kifungu  22/24.Kama hujapata, uliza NGO wakupe  barua ( ona 'Huduma Muhimu'). Kwenda  hospitali  unahitaji  barua kutoka kliniki labda ni dharura. Huwezi lipa ada umma? Chukua barua chini ya kiapo kituoni au pigia NGO. USIENDE hospitali  binafsi kama huwezi lipa gharama yao."
sw,Afya,Msaada kiwewe,"Mateso ya matukio ya kumiza (unyanyasaji/vurugu/janga la asili) yanaweza kukuletea Kiwewe baada ya matukio  (PTSD). Dalili ya PTSD:Kukosa usingizi/ mawazo,jinamizi,kumbukumbu, wasiwasi,hofu .Kama una PTSD ongea na watu. Tembelea kliniki ya Joburg au Kituo cha waathirika wa kiwewe unyanyasaji &mateso mjini  Cape Town. Kuna klinki zingine za Kiwewe SA. Ona 'Orodha wasiliano' kwa maelezo zaidi."
sw,Afya,Ukimwi(VVU),"Ukimwi (VVU) unaweza kuenda bila kutambuliwa hadi miaka 10. Jua hali yako na pata matibabu mapema ili uishe maisha ya kawaida.VVU hudhoofisha mwili wako uwezo wa kupambana na maambukizi kama vile pneumonia, Hamna matibabu. Unaweza pata VVU ukifanya penzi bila kinga, kutumi  sindano chafu.Kama uko VVU+ na  mimba, ntoto anaweza kupata VVU tumboni, baada ya kuza au kumnyonyesha. Mwanga: Huwezi kupata VVU kwa kugusana, kufanya kazi pamoja, kumbusu au kuaa pamoja. "
sw,Afya,Kupimwa Ukimwi(VVU),"Kujua hali yako ya VVU ni lazima  upimwe damu katika vituo mbalimbali vya fya ya umma. Kupima damu ni bure. Pata ushauri kabla na baada ya kupimwa. Mara nyingine unapimwa mara mbili. Utajua hali yako baada ya dakika 20. Sampuli ya damu yako inaweza kupelekwa maabara, matokeo haya huchukua siku chache. Vipimo vya VVU ni sahihi. Mashirika mengi hupima  VVU , hushauri na hutoa matibabu hapa SA.Nenda www.tac.org.za au pigia listi ya mawasilano kwa habari zaidi."
sw,Afya,PMTCT,Wanawake wajawazito wenye VVU wanapaswa kuomba Nevirapine katika vituo vya afya vya umma. Zinaweza kuzuia maambukizi ya VVU wakati wa kujifungua. Nevirapine ni  madawa ya ukimwi (ARV) . Nenda kwenye orodha ya  kuwasiliana na orodha au www.tac.org.za kwa maelezo juu ya vituo vya matibabu ya ARV .
sw,Afya,Matibabu ya ARV,Mgonjwa huanza ARV wakati anaumwa vibaya na ugonjwa unaohusiana na VVU au wakati CD4 yake inashuka chini 350. Watu wengi huanza ARV miaka 8-10 baada ya kuambukizwa. Sio sawa kwa wote . Muone daktari na upate matibabu bora kwa ajili yako! Kumbuka : Usijali  kibali chako au hati yako - una haki ya matibabu bure ARV .
sw,Afya,Unyanyasaji wa Kijinsia,"Ukitaka ripoti kubakwa, nenda moja kwa polisi. Usioge , usikunywe vinywaji au utumie choo - hii husaidia kwa Ushahidi . Wewe unaweza  badilisha nguo , lakini nenda pamoja na zile ulikuwa unavaa. Huna haja ya ripoti hiyo juu upewe matibabu. Kama ulikuwa huna VVU kabla ya kushambuliwa, una haki kupewa mwendo wa madawa ya kurefusha maisha na kuzuia VVU kwa  siku 28 , lakini ni lazima kuachukua  ndani ya masaa 72 . Msaada / maelezo : Lovelife 0800 121 900 ; UKIMWI Helpline 0800 01 23 22; UKIMWI Hotline 0800 11 0605"
fr,LGBT & VAWC,Securite des LGBT ,La loi sur les refugies declare que les LGBTI peuvent etre proteges s' ils sont persecutes pour leur orientation sexuelle. N' ayez pas peur de reveler votre orientation sexuelle lors de la demande d' asile.La RRO doit garder votre information confidentielle.
fr,LGBT & VAWC,Assistance des LGBTI,Contactez LHR  ou une autre organisation juridique si votre declaration de demande d'asyle n' est pas traitee avec sensitivtet.www.lhr.org.za; 011 339 1960/ 012 320 2943.  
fr,LGBT & VAWC, Assistance en cas d' abus,L'abus est illegal en RSA. Prenez l'assistance juridique gratuite des oranisations des femmes et enfatns selectionnees; appelez sur 0800150150.Pour une assistance et conseil psyco-sociale.
fr,LGBT & VAWC,Droits  des abuses,"Les femmes et et enfants ont droit de vivre sans abus.Tout abus doit etre rapporte a la police.Une ordonnance de protection vous epargne de violence dans toutes ses formes comme l'intimidaation, abus physique, verbale ou sexuelle.L' abus des femmes et des enfants est illegal."
fr,LGBT & VAWC,Rapporter un abus,"Abuses, rapportez-le au post de police proche de vous. La  police vous ouvrira un dossier et vous en remettra le no. Un officier devra investiguer votre cas.Vous irez pour un examen medical ou counseling. Il y a des postes de polices qui ont un service reserve pour les cas d' abus de tous les genres."
fr,LGBT & VAWC,Protection ,"Si vous avez peur de plus d' abus, allez au tribunal pour avoir une ordonnance de protection  contre l' abuseur  afin de stoper ses actions, d' etre a 100 metres de vous ou de lui forcer de quitter votre domicile. Vous n' avez pas besoin d' un avocat. Apportez au tribunal toutes les preuves pour vous aider. Avec une preuve suffisante, on vous donnera une order de protection temporaire et un mandat d'arret suspendu."
fr,LGBT & VAWC,Desobeir  P.O,"Si l' abuseur recidive, vous pouvez le/la faire arreter. Presentez-vous une seconde fois au tribunal  avec votre abuseur. Le tribunal vous ecoutera et pourrait vous donner une ordonnance de protection finale. Si l' abuseur desoye l' ordre, il/elle peut etre arrete."
fr,LGBT & VAWC,Trafic des personnes,"Le traffique d' humain: recruter les gens et les enmener dans un autre pays avec des fausses promesses. Les victimes sont exploites et ne sont pas libres de quitter. On les donne des fausses promesses comme le travail, meilleure vie etc et sont forces de travailler dans des conditions inhumaines. Appelez l' IOM sur : 0800555999 ou contactez la police si vous connaissez un cas de pareil trafic."
so,xuquuqda guriga iyo galmada,amaanka arimaha khuseeya guriga dhexdiisa,"hab dhaqanka qaxootiga arimaha gal,mada hadii koox ad tihiin waxaad difaac ka heli kartaa xeer ilaalinta nadaamka galmada hana ka cabsan habdhaqanka galmada xilyada aadc wax codsanayso oo kale sida sharcga  wana in aad u sheegto si kalsooni ku jirto"
so,xuquuqda guriga iyo galmada,caawinta guriga dhexdiisa,la xidhiidh H SH U DOD XUQQUDA ADAMAHA iyo kuwa kale ee sharciyada booqo www.LHR.org ama 011-3391960 ama012-320-2943
so,xuquuqda guriga iyo galmada,ka cawinta xadgubka ,xad gudubku waa wax sharciga k afrika kan soo hor jeeda hel kuwo si bilaasha kuu cawiya sida ciyaalka iyo haweenka ama wac 0800-150-150 si laguu caawiyo talona laguu siiyo
so,xuquuqda guriga iyo galmada,arimaha khuseeya xuquda in laga cawiyo xadgubka,"haweenka iyo carurta waxay heli karam difaac iyu xuquuq noc kasta oo ka mida xadguduka  wana in lala xidhidho booliska difaacid waxayna kii surta galin ilalin fara badan waxaa suurta gal ah in lagugu sameyay xad gudub galmo ama mid jidh ah ama aad lumisay xoriyadada xadgubka dumarka, ciyaalka waa sharic dar k afrika"
so,xuquuqda guriga iyo galmada,war galinta xadgudubka,hadii adiga ama ilmahaaga u dhib qabo kaas.   Waalid ka boolisku waxay kuu furayaan kiis in danbi lagaa galay wana in aad booliska u sheegto. Waxa ku helay waxay ku furi kiis boolisku waxay leeyihiin hayado u xilsaaran  arimaha xadgububka galmada iyo difaaca ciyaalka. Booliska kugu dhaw waxanad he;aysa dawo iyo talo
so,xuquuqda guriga iyo galmada,difaacida,Hadaad ka cabsato qalaalse badan ama hanjabaad badan. Waxaad aadi kartaa maxkamada waxayna ku siin difaacid.Codsiya umana baahnid sharci yaqaaan xadgububkana.Hadad laga buriya guriga. Lacalhaday wax kugaran dawac ama wax lamiid aah. waxad gen maxakamaad.leeh cadeen.waxa ladira warqaad xariig.
so,xuquuqda guriga iyo galmada,armar diidada iyo be o boxska,Ku xad gudbuhu haduuna  ahayn mid u  dalabka waad xidhi kartaa.  Marka labaad waa in aad maxkamada walibana waa in uu kula socdo ku xad gudbuhu. Markaas waxaa maxakamadu in ay ku sii so difaac kama danbaysa  waa hadii uuna u hogaansamine dalabka maxkamada  isaga ama iyada markaas waa la xidha.
so,xuquuqda guriga iyo galmada,ganacsiga, Ganacsiga bili adamka waxuu dhacaa kaliya marka dad ay adan wadan. Sharciya ama wax aan sax ahayn uga faa  in ay ka waxayna ugu shaqaystaan. Ahwaxayna  wax kasta  lagu tilmaami karaa casriga ah waxaad la xidshiiidhi kartaa ururada caalamiga ah e socdaalka 0800-555-999 ama aad booliska  waxaaad ogaan cida ku shaqa leh
sw,LGBTI&VAWC, Usalama wa LGBTI ,Sheria ya Wakimbizi  hulinda na hutetea LGBTI kama  wanateswa kwa mwekeleo wa kijinsia. Usiogope kusema ujinsia wako ukiomba hadhi. RRO huchukulia madai yako siri.
sw,LGBTI&VAWC,Misaada kwa LGBTI,Wasiliana na Wanasheria wa Haki za Binadamu (LHR) au shirika lingine kisheria kama madai yako haijatibiwa na unyeti na heshima. www.lhr.org.za; 011-339-1960 au 012-320-2943.
sw,LGBTI&VAWC,Misaada kwa walionyanyaswa,"Unyanyasaji ni haramu SA. Pata shauri ya kisheria  bure atika mashirika machache anayosaidia wa   wanawake na watoto , au piga  simu  kwa 0800-150-150  upate msaada na ushauri nasaha."
sw,LGBTI&VAWC,Haki za walionyanyaswa,"Wamama na watoto wana haki ya kutonyanyaswa. Kila unyanyasaji ni lazima uripotiwe kwa polisi. Amri ya ulinzi huzuia vurugu zaidi. Vurugu hua vitisho mwili,ngono au matusi, kutishiwa na vurugu au  ukipoteza uhuru wako. Unyanyasaji wa wanawake na watoto ni haramu SA."
sw,LGBTI&VAWC,Reporti unyanyasaji,"Mtoto wako akinyayaswa, lazima uripoti kwa polisi. Polisi atafungua kesi. Lazima unadike kauli. Afisa atachunguza kesi. Vituo vingine vina vitengo  maalum. Nenda kituoni  karibu na we. Usipoenda, kesi yako itachukua muda.  Nenda uchuguzi wa afya na ushauri nasaha."
sw,LGBTI&VAWC,Ulinzi,"Kama unaogopa vitendo au kitishiwa, unaweza kuenda mahakama. Huhitaji wakili. Amri ya Ulinzi inaweza kukataza kunyanyasa, kumkalisha mbali na wewe na kumfukuza nyumbani . Hati kama ripoti ya  afya na picha majeruhi  vipeleke makahamani .Ni ushahidi wa kutosha. Utapata amri ya ulinzi na kibali cha kukamatwa."
sw,LGBTI&VAWC,Uasi wa utaratibu wa umma,"Kama mnyanyasaji akidharau amri ya mahakama, unaweza kumfungisha. Utarudi mahakamani naye atakuwepo.  Mahakana itasikiriza kesi. Mahakama yaweza kupa amri ya ulinzi ya mwisho. Mnyanyasaji akileta matusi tena unaweza kufungwa."
sw,LGBTI&VAWC,Biashara ya Binadamu ,Biashara ya binadamu ni kuajiri watu na kuwapelaka  kinyama. Wanateswa vibaya na habawezi toka. Wathirika wanasafirishwa kwa ahadi za uongo kama kazi nzuri au maisha bora na walazimishwa kufanya kazi za haramu katika  hali ya kinyama. Biashara ya binadamu ni aina ya  kisasa ya utumwa. Pigia  Shirika la Kimataifa la Uhamiaji (IOM)  kwenye  0800-555-999 au nenda kituo cha  polisi kama unamfahamu mtu aliesafirishwa.
fr,Renovellement de permis,Amendes,"Une amende vous sera chargee si vous ne renouvelez pas votre permis avant son expiration. Le payment de l'emende signifie que vous etes coupables du non - renouvellement pontuel et conduit a un cas  criminel sur vous. Contactez un avocat si vous avez une raison valable pour ne pas renouveller votre permis. Un officier de la RRO vous donne l' amende, pas plus de R1000 et vous indique ou la payer. Renouvellez au RRO ou vous avez faits votre demande. Conseil: Les permis ne sont pas renouveles automatiquement."
fr,Renovellement de permis,Perte de permis,"Permis perdu? Faites une declaration / un affidavit a la police. Presentez l' affidavit avec la copie de votre permis, si possible a RRO. Conseil: Remplacer les permis perdus c'est difficil. Faites des copies certifiees de vos permis et remettez- les a votre famille ou gardez- les bien.Retenez votre numero de permis et votre numero du dossier du dossier."
fr,Renovellement de permis,Residence,Les refugies reconnues peuvent faire la demande pour la residence permanente.vous devez avoir le statut de refugie pour au moins 5 ans. Consultez l' Acte de 2002 d' immigration pour en savoir plus des conditions pour la demande de la residence permanente. C' est important d' avoir un certificat de la SCRA qui dit que vous serez a jamais un refugie. 
fr,Renovellement de permis,Demande,"Le titulaire d' un permis S24 de plus de 5 ans, peut avoir la residence permanente. Completez le formulaire de SCRA pour confirmer que vous etes a jamais un refugie. Vous pouvez contacter un avocat, ou LHR pour l'assistance. Ceci peut prendre environ un an. Presentez le certificat de SCRA et les autres documents necessaires au DHA (pas RRO). Conseil: Les refugies ne doivent pas payer pour ce service. "
so,cusboonaysiinta dagananshaha,ganaaxa,"Waa lagu ganaaxi hadan cuboonaysiin sharigaga. Lacagtuna waa in aad tahay danbiile. Aan waxayna horseedi kartaa in lagu qoro dabiille hadii ad haystao sabab  taas   oon in aad sharcigaga  wac sharci, yaqanada in kaa caawiyaan qaabilada. Waxy ku waydiin ganax R1000 TALO dagansha maha mid markaasba la cusboonaysiisyo."
so,cusboonaysiinta daganashaha,lumitaanka deganaanshaha,hadii sharcigu kaa lumo soo qoro cadayn ka socota booliska gubi qoraalka iyo koobigaag  hada hayso xafiiska qaabilada qaxootiga talo luminta sharcigaag way adag tahay samee koobiyo badan u kala dhiibo qoyskaga iyo sxbdaa wali kiis lanbarkaga
so,cusboonaysiinta daganashaha,degaanka,marka laguu aqoonsado qaxooti kdi ad jogto 5sano waxad xarayn karta daganaasho rasmi ah qaynuunka sharciyad la dhigay 2002 ayaad wax badan ka helaysa  codsiga daganaansho rasmi waa waxamuhim u ah helida ogolaansha gudiga sharciyada joogtda taas oo odhanysa waad sii ahaan kartaa
so,cusboonaysiinta daganashaha,codsiyada," 5sano waxaad siiwadi kartaa dagansho, si aad u dhamaystirto xaqiiji. In aad gadhay codsato sharci  la kashataa hayada sharciyaqaanada .. kuu  ad hesho  guboi waxad sharciyada, aqoonsigaag waxayna ku  dukumiintiga ad ka haysato hana bixin waxba si aad u hesho dagansho rasmiya."
sw,Kugongesha Kibali Upya,Faini,"Utafainiwa kama hujafanya kibali yako upya. Malipo ya faini humaanisha hatia ya kutofanya kibali upya na utakuwa na  recordi ya uhalifu. Uliza wakili wako akusaidie kama una sababu inayoeleweka ya kuchelewa .RRO afisa atakupa faini na atakwambia  penye utailipia. Haizidi  R1000. Kama hivyo , ona wakili. gogengesha upya kibali  aple uliomba hadhi. Mwanga : Viibali  havifanywe upya moja kwa moja."
sw,Kugongesha Kibali Upya,Kibali iliyopotea,Je umepoteza kibali? Andika  kauli au  hati ya kiapo kituoni cha polisi. Peana kauli na nakala ya kibali (kama unaweza) kwa RRO. Mwanga : kibali kiki potea ni vigumu  kupata tena. Thibitishwa nakala na uziweke salama. Kumbuka faili namba za kibali na kesi namba.
sw,Kugongesha Kibali Upya,Vibali vya kukaa nchini muda mrefu,Mkimbizi anayo tambulika huwezi omba makaazi ya kidumu. Lazima uishi SA zaidi ya miaka 5 mbichi. Shauri uhamaji 2002 kwa maelezo zaidi ya ombi maazi ya kidumu. Ni muhimu kuwa na cheti cha  Standing Committee for Refugee Affairs (SCRA) ya kuamba muda usio julikana.
sw,Kugongesha Kibali Upya,Mombi,"Baada ya miaka 5  kuwa na hadhi ya ukimbizi, unaweza omba kibali cha kukaa muda mrefu .Jaza fomu ya kuomba cheti  kwa SCRA  kinahakikisha  kama utakuwa kimbizi kwa milele. Unaweza uliza washauri wa kisheria kama LHR usaidizi. Hii inaweza chukua mwaka moja. Alafu peleka cheti cha SCRA na hati maalum zinahitajiwa na ofisi ya uhamaji ya  DHA  (sio RRO) Mwanga: Wakimbizi hawafai kulipa kuomba kibali cha kukaa mdu mrefu."
fr,Securite & Relocation,Relocation,"Quequesfois, le HCR aide les refugies d'aller d'un liau an un autre (relocation). Il y en a 4 options: reinstallation, relocation interne, rapatriement volontaire, le regroupement familiale. Relocation ne fait pas partie du processus d'asyle, il n'y a que les cas exceptionnels pour les refugies reconnues comme tels par le HCR apres avoir indentifer le besoin de protection. Le HCR les intervewera pour le statut et son resultats peuvent etre differents de ceux du DHA.
"
fr,Securite & Relocation,Reinstallation,"La reinstallation est un movement assiste d' un refugie avec sa famille d' un pays a un autre.Ces sont des cas exceptionnels lorsque les officiers de RSA ne peuvent pas securiser les refugies affectes. les problemes generaux comme crime, xenophobie en RSA ne sont pas les criters de reinstallation. Le HCR va vous installer dans un endroit durable en RSA avant la consideration de la reinstallation."
fr,Securite & Relocation,Criteres,"Si les officiers de RSA ne peuvent pas securiser les refugies affectes en RSA, alors l'option de la reinstallation est consideree. Demander un avocat si vous sentez dans une de ces 4 options de relocation.  Le HCR va vous installer dans un endroit durable en RSA avant proceder au reinstallation."
fr,Securite & Relocation,Demande,"Veuillez prendre les rendez-vous les lundis au HCR. Ils consultent les mardis et jeudis. Le HCR votre cas pour voir si vous en etes eligibles.Le HCR vous repond par ecrit si le resultat est negative.Si le HCR decide positivement sur votre demande, il consultera un 3ieme pays pour revoir votre demande.Le 3ieme pays vous interviewra s' il est d' accord pour votre reinstallation, on pourra vous faire l'internview au nouveau pays d'acceuil et vous irez pour un examen medical.Le processus peut duree 1-2 ans."
fr,Securite & Relocation,Relocation en RSA,"La relocation interne est un mouvement du refugie et sa famille en RSA pour la protection.Dans des cas exceptionnels vous pouvez etre avoir une relocation pour avoir acces facile au HCR; le process est presque similaire au reinstallation, vous ne pouvez pas postuler simplement pour le transport. Si le HCR approuve votre demande, il vous trouve un lieu approprie. Lr HCR payera le transport, loyer et service necessaires temporaires."
fr,Securite & Relocation,Rapatriement,"Le rapatriement volontaire: Une decision personnelle par un refugie / ou demandeur d'asyle de rentrer dans son pays d'origine . Prenez le formulaire de la demande  au HCR, LHR, Wits ou UCT law Clinics.Vous passerez un interview devant l'avocat qui confirmera que l'information sur le formulaire est correcte. Votre formulaire sera envoye avec une recommandation au HCR ou IOM qui decidera et preparera votre retour.Caonseil: Vous perdez votre statut de refugie a votre retour au pays natal."
fr,Securite & Relocation,Reunification,"Vous pouvez demander a votre famille de vous rejoindre en RSA, ou de les rejoindre dans un autre pays.Dans des cas exceptionels,  le HCR peut vous assister avec le transport. UCT law clinic, LHR ou JRS, peuvent vous aider avec la demande.Conseil: La demande de la reunification familiale est faite au DHA a la RRO"
fr,Securite & Relocation,Tracer la famille,"The SARCS, ICRC & HCR assistent avec le tracement et reunification des familles et avec la protection des enfants lors du processus. La Croix Rouge aide a reunir les enfants non-accompagnes, sepaes et les paresonnes agees et autres. Donnez toujours assez de details sur la personne perdue, raisons de la separation etc Consulez la Croix Rouge et Croissant Rouge pour voir si la personne est reinstallee. Retrouver la personne perdue, depend de l' info & l' accessibilite de son emplacement.Les conflits armes/naturels at autres desastres peuvent ralentir le processus."
so,amaanka ama dib u dajinta,dibudajinta,"Mararka  hayada qaxootiga aduunka waxay waxaycaawisaa qaxoootiga si ay meel uga kaxayso. U dajiso ama dib u dajin waaana afar nooc/4 1 dib u dakin wadanka gudihiisa ah 2dib u celin. Qoys dib u dajintu maaha nooc ka mida magan. Hawlo u gaara hayada qaxootiga, aduunka taas oo lagu xaalada  iyo  aduunka."
so,amaanka ama dib u dajinta,magangaliyada wadan sadexaad,Dib u dajintu wa caawin qaxooti iyada ama isaga badhaha. Qoyska sida ninka ama naagta/ciyaalka oo kale wana la xidhidhi kisas la aqbalay. hadii SA  qaxootiga wadanka  waana dhibaata guud o. Wadanka dhan ama jinsi mana khusayso codsiga  dib u dajinta aduunka waxay isku in ay kwarato bayada inta ayna dib u dajinta.
so,amaanka ama dib u dajinta,shuruudaha,hadii ayna amaan ahayn wadanka SA. Qaxootiga SA waan laga codsado.  Si cawin loga helo waxad haysta 4 nooc oo dib u jin ah danbiga SA ama jinsi nacaybka ama shaqo la aanta kuwaas looma codsan karo dib u dajin hayada  qaxootiga aduunka waxay isku dayda cimiri dheer bayada in ayna go aansan dib u dajinta.
so,amaanka ama dib u dajinta,codsiga,"utag UNHCR doo balanka qabsanaya malinka isniinta, unhcr waxay lakulantaa qaxootiga maalinka taladada ah, unhcr waxay fiirindoontaa codsigaaga haday codsigaaga kuqanacdo waxay kuu gudbin wadan sadexaad hadii wadankaasi kuqanco in lagu siiyo degenaansho waxaad mari maraanmar kale waxana maridoontaa caafimaad, wakhtiga waxa laga yaabaa inay 1-ilaa 2 sano qaadato. "
so,amaanka ama dib u dajinta,dib u dajinta k.afrika,"dib u dajinta caalamiga ah waa kaxayn qaxooti iaga iyo qoysas koda SA.  Xalada  karo u dhawdahay in  aad hesho nolol ka fiican hayada q, aduunka  qaabka dib  tusale ma codsan kartid baabur raac hadaba.hadii aad  tahay dib u dajin gudaha ah  kuu radin meel  aman ah lgaadhi raca way kaa cawin karaan."
so,amaanka ama dib u dajinta,celinta,"Dib celinta iskeeda waa marka qaxootigu  goosto in uu noqdo gurigiisa.  Foomka codsiga h,q, aduunka,ama sharciyaqanda.u ,x, adamaha waxay kula karaan su aalo t sharciya. Xaqiijiso akhbaaratada waxana dib loogu dirayaa taloyinka unhcr/HQA ama IOM/HSA iyagana ka go aan gadhi doona talooyinka aad ku noqon"
so,amaanka ama dib u dajinta,dib u midaynta,Hadii ad is waydeen xubno qoyskaga ka mida ah intii qaxaysay. Kugu la noolan karaan halka aad jogto xaalada la aqbali karo unhcr/HQD waxay kaa caawin karaan safarka si ad u codsato la xidhiidh/HTL/UCTM\ama a qaxootiga waana in aad codsiga ka soo bilowdo waxda sharciyada gar ahan xafiiska qabilada qxootiga.
so,amaanka ama dib u dajinta,raadka qoysaska,hayada lanqayrta cas SA. Sidoo kale HQ ADUUNKA WAXAY KAA CAWINAYAAN dib u midaynta qoysaska  difaaca ciyaalka.  Nadaanka  kuu caawin karto hayada.  Xidhiidh u qofka iyo qoyskiisa sida in  meel uu kala xidhiidho.  Shaqadoodu  qof meeshee ugu danbaysay cida halka laga heli karo hawlaha.
sw,Usalama&Kuhamishwa,Kuhamishwa,"Mara nyingine UNHCR huhamisha  wakimibizi. Kuna aina 4 za chaguo: kupelekwa nchi nyingine, .Kuhamishwa nchini , Kurudi kwao na kuunganisha familia. Kuhamishwa si mchakato wa kuomba ukimbizi, lakini kuna kesi muhimu tu zitashughulikiwa za wakimbizi pekee  ambao wanahitaji usalama. UNHCR itafanya mahojiano na matukio inaweza kuwa tofauti na mchakato wa DHA.."
sw,Usalama&Kuhamishwa,Kuwahamishwa,"Kuhamishwa ni usaidizi ya wakimbizi yeye/zake nyuklia famia (bwana/bibi na watoto) nchi ingine. Hii ni kesi kipekee,kama afisa SA hawezi linda wakimbizi SA. Shida ujumla kama uhalifu au xenophobia haikidhi kuhamishwa.UNHCR itasaidia na maazi kabla uamuzi wa kuhamishwa."
sw,Usalama&Kuhamishwa,Vigezo,"Kama serikali ya SA haipati  suluhisho salama kwa wale wakimbizi,  kisha itahitajika chaguzi la kuhamishwa .Mshauri wa kisheria atakusaidia kutambua kama umo katika yale makundi 4 ya kuahamishwa.Matatizo ka uhalifu , chuki didi ya wageni, Ukofevu wa kaz si sababu ya kuhamishwa.UNHCR  itajaribu kwanza kugeuza mazingira  kabla ya uamuzi wa kuhamishwa."
sw,Usalama&Kuhamishwa,Maombi,"Nenda UNHCR Jumatatu kufanya uteuzi. Mashauriano ni Jumanne na Alhamisi. UNHCR watakadiria  kesi yako na ukifaulu watakutimia barua. UNHCR wakiamua uhamaji ni muhimu, wataomba inchi nyingine iangalie ombi lako. Kama inchi ikikubali  kesi yako, utaanza tena mahojiano  na utaenda ukufanya chunguzi wa afya. Mchakato huweza kua miaka 1-2."
sw,Usalama&Kuhamishwa,Kuhamishwa ndani SA,"Uhamaji harakati ya wakimbizi/ukimbizi na familia SA,ulindaji. Kesi kipekee huweza pelekwa kwa UNHCR. Uhamaji na hanunua ni sawa na uhamaji. Huwezi omba usafiri. UNHCR  huthani unahitaji uhamaji,. Muda makaazi & umihimu inahitajika. UNHCR hupanga usafiri.Uhamishwaji  nchini ni harakati ya wakimbizi /  mwombaji wa ukimbizi & familia zao ndani ya SA , kwa madhumuni ya ulinzi. Katika hali ya kipekee unaweza kuhamishwa kwa upatikanaji bora wa UNHCR. Taratibu za ndani kuhamishwa ni sawa na kupelekwa nje . Huwezi kuomba tu kwa ajili ya usafiri . Kama UNHCR anadhani unahitaji kuhamishwa ndani, wao itabidi wapate eneo salama. Nyuma  na huduma muhimu wanaweza kutolewa kwa muda . UNHCR hupanga usafiri."
sw,Usalama&Kuhamishwa,Kuwarejesha makwao,"Kurejea kwao hiari ni wakati  wakimbizi waamuru weneyewe kurudi  kwao. Omba, lazima ujaze fomu UNHCR, LHR, Wits or UCT law Clinics. Utahojiwa na mwanasheria, Thibitisha taarifa iko kwenye fomu. Fomu yako itapekelekwa  UNHCR au IOM. Uamuzi utachukuliwa na utarudihwa nyumbani.Mwanga: Utapoteza hadhi yako ukitoka SA kwa kurejea kwako."
sw,Usalama&Kuhamishwa,Kuunganisha,"Ukipoteza mawalisiano na mtu wa familia njiani, unaweza kumomba akufuate SA. Unaweza kujiunga naye nchi nyingine. Chini ya mazingira UNHCR inaweza kukusaidia usafiri. Kuomba:  Pigia Law Clinicya UCT, LHR au Jesuit Refugee Services, watakusaida kuomba. Mwanga: kuunganisha familia hufanywa na  DHA katika ofisi ya  RRO."
sw,Usalama&Kuhamishwa,Kutafuta familia,"SARCS, ICRC & UNHCR husaidia kuunganisha familia na ulinzi wa watoto. Red Cross husaidia familia kuungana kama watoto waliyopotea,  wazee/vilema. Red Cross inatoaga  ujumbe ambao husaidia mawasialano na kuungana na familia kama ID na anuani binajulikana .Ni lazima utoe taarifa kamili kama ID ya mtu aliyopotea, sababu na mara ya mwisho ya kwasiliana naye.Kama mtu alipelekwa nchi nyingine ongea na Red Cross & Red Cressent. Kumpata mtu vinategemea maelezo ilitolewa.Vita/maafa ya  asili ivinaweza  kuchelewesha mchakato."
fr,Subventions sociales,Handicap,C' est une subvention sociale mensuelle temporaire ou permanente pour les refugiees qui ne peuvent pas pas travailler par suite d' un handicap mentale ou physique. Les parents / gardiens refugies d' un enfant avec infirmite en dessous de 18 ans peuvent faire une demande de subvention des soins de dependence.
fr,Subventions sociales,Famille d' acceuil,Parents adoptifs refugies peuvent faire la demande d' une subvention de famille d' acceuil au Dept.de Developement social.Un tribunal devra confirmer que vous etes parent adoptif. La subvention est generalement pour une periode de 2ans.
fr,Subventions sociales,Assistance sociale,L' assistance humanitaire est limitee au citoyens de RSA.Vous devriez faire la demande au SASSA rapproche de votre domicile.Chaque subvention exige differents documents a presenter.  
fr,Subventions sociales,Demande,Chaque subvention exige des differents documents a soumettre.Visitez le site internet de SASSA: www.sassa.gov.za ou appelez sur le 0800 60 1011.Aller au bureau de SASSa proche de votre domocile. 
fr,Subventions sociales,SASSA-EC/WC/NC,"EC: Imm. BKB, croisement des av. Fitzpatrick & Merino, Quigney; Tel: 043 707 6300; Email: GrantsEnquiriesEC@sassa.gov.za; NC: Imm. Du toitspan No95-97,AV/ DUToitspan, Kimberley Tel: 053 802 4900 Email: Grants EnquiriesNC@sassa.gov.za;WC: Golden Acre, AV/Adderly,CPT: Tel: 021 469 0200 Email: GrantsEnquiriesWC@sassa.gov.za"
fr,Subventions sociales,SASSA-GP/FS/KZN,"FS: Immeuble/African Life, No 75 AV/Andrews, FS,Tel: 051410080, Email: GrantsEnquiriesFS@sassa.gov.za; Gauteng: No 28  AV/Harrison,JHB,Tel: 0112418300 Email: GrantsEnquiriesGP@sassa.gov.za;KZN: No1 AV/Street, ZN; Tel; 0338463300; Email: GrantsEnquiriesKZN@sassa.gov.za"
fr,Subventions sociales,SASSA-NW/MP/LP,"MPUMALANGA: No 18 Av Ferreira,NLP, Tel: 013 754 9428 Email: GrantsEnquiriesMP@sassa.gov.za; NORTH WEST: Master Center,Industrial, Mafikeng. Tel: 018 388 0060 Email: GrantsEnquieriesNW@sassa.gov.za LIMPOPO: No 43 AV/Landros Mare, LP, Tel: 015 291 7400 Email: GrantsEnquiriesLIM@sassa.gov.za"
so,deeqda bulshada,laxaad  la aanta,tan ku meel gaadhka ah ama daganshaha ah waxay xaqiijinaysaa qaxootinimada kaas oon shaqayn karin marka loo fiiriyo xanun xaga maskaxda ah ama dhinaca jidhka ah sida laxaad la aan  sidoo kle ciyaalka ka yar 18 sano ayaa ka mida wayna codsan karaan
so,deeqda bulshada,ilaalinta waraqaha laysu diro,aqoonsiga qaxootinimo ee soo caydhinta waalidka waxay iska diwaan galin karaan waaxda arimaha bulshada iyo hormarinta si ay u codsadaan  daryeel xusuunow waa in ay maxkamad xaqiijiso in lagugu khasbay waxayna laguu balan qaadi karaa ilaa 2 sano wakhti ku eg
so,deeqda bulshada,gar gaarka bulshada,sadaqada bulshada ka timaada waa wax xadidan k afrika arimaha khuseeya waxay iinta waxaad u baahan tahay codsiga meesha kugu dhaw u aqoonsashada baahida sida saasa/sassa waxaanad iska diwaan galin kartaa mesha kugu dhaw adiga oo qadanaya dukumintiga aad haysato una gubi
so,deeqda bulshada,codsiga ,Xaqiijin kasta waxay u  bahantahy qeexid iyo cadaymo sharciyo ama cosiyo si laguu caawiyo. Waxaad booqata www.sassa.gov.za ama wac0800-60-10-11 waana in aad ka codsata saasa/sassa xafiiskeeda kugu dhaw.
so,deeqda bulshada,arimaha khuseeya hayada caydha bixisa  iyo kuwa lamidka ah,"EC: BKB Bui, corner of Fitzpatrick & Merino Road, Quigney; Tel: 043-707-6300; Email: GrantsEnquiriesEC@sassa.gov.za NC : Du Toitspan Building 95-97, Du Toitspan Road, Kimberley: Tel 053-802-4900 ; WC : Golden Acre, Adderley St, Cape Town Tel: 021-469-200; Email: GrantsEnquiriesWC@sassa.gov.za"
so,deeqda bulshada,arimaha khuseeya hayada tageera qaysaska danyarta ah mesha sida kuwasulu natala ,"FS: African Life Bui,75 St. Andrews Street, Bloemfontein Tel: 051-410-0804/5 Email: GrantsEnquiries@sassa.gov.za GAUTENG 28 Harrison St, Johannesburg Tel: 011-241-8300 Email: GrantsEnquiries@gov.za KWAZULU-NATAL 1 Bank St, Pietermaritburg Tel: 033-846-330 Email: GrantsEnquiriesKZN@sassa.gov.za"
so,deeqda bulshada,arimaha khuseeya hayada caydha bixisa  iyo kuwa lamidka ah gar ahan linboopo,"MPUMALANGA: 18 Ferreira St, Nelspruit. Tel: 013-754-9428 Email: GrantsEnquiriesMP@sassa.gov.za NORTH WEST: Master Centre Industrial, Mafikeng. Tel: 018-388-0060 Email: GrantsEnquiriesNW@sassa.gov.za LIMPOPO: 43 Landros Mare, Polokwane Tel: 015-291-7400 Email:  GrantsEnquiriesLIM@sassa.gov.za"
sw,Ruzuku ya jamii,Ulemavu,Msaada wa kila mwezi utakuwa wa muda au kudumu kwa wakimbizi wanajulikana ambao hawaezi fanya kazi kwa sababu ya ulemavyo. Wakimbizi wanatambulika kuwa walezi wa mtoto mlemavu chini ya miak 18  huweza omba utegemezi ruzuku.
sw,Ruzuku ya jamii,Ulezi huduma,Wakimbizi ambao  ni walezi wa watoto wanaweza omba Idara ya Maendelo ya Kijamii ruzuku ya walezi. Kumbuka: mahakama huthibitisha kama mzazi mlezi. Ruzuku huchukua kama miaka 2.
sw,Ruzuku ya jamii,Msaada ya kijamii,Msaada ya jamii hupewa raia wa SA na wakimbizi wanaojulikana. Omba  ofisini SASSA  karibu na we. Kila ruzuku inahitaji hati fulani.
sw,Ruzuku ya jamii,Maombi,Kila ruzuku inahitaji hati maalum. Tembelea South Africa Social Security Agency's website (www.sassa.gov.za) au pigia 0800-60-10-11. Omba SASSA kwenye ofisi ilio karibu na we.
sw,Ruzuku ya jamii,SASSA-EC/WC/NC,"EASTERN CAPE: BKB Bui, kona ya Fitzpatrick &Merino Road, Quigney; Tel: 043-707-6300; Email: GrantsEnquiriesEC@sassa.gov.za; NORTHERN CAPE: Du Toitspan Road, Kimberly: Tel 053-802-4900; Email: GrantsEnquiriesNC@sassa.gov.za; WESTERN CAPE: Adderley St, Cape Town: Tel: 021-469-0200; Email: GrantsEnquiriesWC@sassa.gov.za"
sw,Ruzuku ya jamii,SASSA-GP/FS/KZN,"FREE STATE African Life Building, 75 st. Andrews St, Bloemfotein. Tel 051-410-0804/5; Email: GrantsEnquiriesFS@sassa.gov.za GAUTENG: 28Harrison St, Johannesburg; Tel 011-241-8300; Email GrantEnquiriesGP@sassa.gov.za KWAZULU-NATAL: 1 Bank St, Pietemaritzburg Tel 033-846-3300 Email GantsEnquiriesKZN@sassa.gov.za"
sw,Ruzuku ya jamii,SASSA-NW/MP/LP,"MPUMALANGA: 18 Ferreira St, Nelspruit. Tel: 013-754-9428 Email: GrantsEnquiriesMP@sassa.gov.za NORTH WEST: Master Center, Industrial, Mafikeng. Tel: 018-388-0060 Email: GrantsEnquiriesNW@sassa.gov.za LIMPOPO: 43 Landros Mare, Polokwane. Tel: 015-291-7400 Email GrantsEnquiries."
fr,Apatridie,Risques,"Une personne sans document risque l' apatridie. Ex: Ne dans un pays etranger, mort ou abandon par vos parents, entree illegale dans un pays, metissage, perte de la carte de clinique ou enregistrement, vivre regulierement a cheval entre deux pays tres rapproches ou quand la loi ne permet pas une double nationalite."
fr,Apatridie,Enregistrement des naissances,"Un certificat de naissance identifie vos origines. C'est la plus importante preuve de votre nationalite. Les sud - africains nes en dehors du pays ont droit d' avoir un cetrificat de naisance de  RSA. Les enfants etrangers nes en RSA ont droit au certificat de naissance. ce qui ne veut pas dire qu'ils ont la citoyennete sud-africaine. Les enfants nes en RSA doivent etre enregistres avec DHA dans les 30 jours de naissance, si non, il faut postuler pour l'enregistrement tardive. Des demandes pareilles seront fermees deuis decembre2015."
fr,Apatridie,Citoyennete,"Vous pouvez reclamer la  nationalite sud-africaine si, vous etes nes des parents sud-africains, nes au moment ou les parents etaient residents permanents en RSA, aussi si vous avez vecus en RSA jusqu' a l' ege de 18 ans, adoptes par les parents sud- africains,nes en RSA sans autre citoyennete, ou pas permis d' avoir autre citoyennete. "
fr,Apatridie,Conseil juridique,"Si vous avez des difficultez pour enregistrer une naissance ou l' acces a la nationalite dans le pays ou vous etes nes, contactez la LHR sur 011 339 1960/ 012 320 2943.Pour une l'assistance / conseil."
so,bilaa gurga ah,khatarta,Qof aan lahayn sharci waxuu khatar u yahay qaran la aan marka uu helo waxoo guul ah am dhiba. Dhimashada ama ka maqanan ta meel dagaal  ama sugida soo galootinimo. Arimaha goynta xadadka isku darka dhalashooyin warqada oganshahaga  marka ayna kuu samaxayn in aad goyso xadka sababta is la hansha la aanta dhalasho.
so,bilaa gurga ah,diwaan galita dhalmada,Warqada dhalashadu waxay cadaynaysaa goobta aad ku dhalatay waxayna cadaynaysaa walidkaaga.  Dhalashadada  gar ahaan dadka haysta dhalashada SA lkn kayimid macnaheedu maaha in  dhalan ku dhasha wadanka SA. Llagu diwaan galiyo 30cisho hadii kale waa in laga galiyo dhib dhaca ah  la xidhaa bisha dhiseenbar codsiyada.
so,bilaa gurga ah,helida dhalashada,hadii sheegashadaadu tahay dhalasho k afrika ah ama hadii waalidkaa ku dhashay wadanka  waxaa muhiim ah xiliga dhalashada  iyo goobta aad ku dhalatay ama hadii walidku ahaa mid daganaasho ka helay wadanka oo markaas adna aad dhalatay ama hadii aad ku noolayd wadanka ilaa intii aad ka gaadhay 18 sano waxaad xaq u lahayd dhalasho wadanka ah codso adiga oo raacinaya codsigaaga  si dhexdhexaada  taas oo ka imanaysa waxda sharciyada hubi in ay surta gal tahay qof ku in uu heli karo laba dhalasho
so,bilaa gurga ah,talo sharciga khusaysa,"hadii aad la dhiban tahay in aad is diwaan galiso  ama dhalashada wadan kaaga la xidhiidh hayada sharciyaqaanada Q,ADAMAHA U DOODA011-320-2943 caawinta ama waanada"
sw,Utaifa,Hatari,"Mtu bila kitambulisho anaweza kukosa utaifa wake kama ana jamii au kundi fulani. Kwa mfano: kuzaliwa nje ya nchi asili ya wazazi'; kifo au kupoteleana na wazazi. kawaida uhamaji wa mipaka kimataifa; kuwa na wazazi wenye uraia tofauti, kupoteza kadi ya kliniki; kama uko karibu ya  mipaka ya kimataifa au sheria haikuruhusu utaifa mbili."
sw,Utaifa,Usajili wa kuzaliwa,"Cheti cha kuzaliwa huonyesha mahali pa kuzaliwa na hubainisha wazazi. Ni ushaidi  muhimu wa uraia. Raia wa SA waliozaliwa nje ya SA wanakuwa na haki ya cheti cha SA .Watoto wa kigeni walizaliwa SA wana haki ya kuwa cheti cha Kuzaliwa , lakini haimanishi ni raia wa SA. Watoto lazima wasajiliwe ndani ya siku 30, maombi ya usajili wa kuchelewa  utakoma  katika  Decemba 2015."
sw,ukosefu wa utaifa,Uraia,"Unaweza kudai uraia wa SA kama: Umezaliwa na mzazi ana uraia wa SA wakati alipokuzaa; umezaliwa SA na mzazi ambaye ana kibali cha kukaa muda mrefu na wewe uliishi SA hadi  uko na umri wa miaka 18; umepitishwa na raia SA.; uliomba vyeti ya uraia kwa DHA na ukapewa ;  umezaliwa SA na hauna utaifa nyengine, huna haki ya utaifa au uraia nyingine."
sw,Utaifa,Shauri za  kisheria,"Kama una shida ya kupata cheti cha kuzaliwa au kupata utaifa katika  nchi yako asili,pigia LHR kwa 011-339-1960 au 012-320-2943 kwa ushauri au  usaidizi kisheria."
fr,Travail,"Travail lindependant
",Enregistrer votre business a la CIPC. Informez-vous s'il faut une licence delivre par la municiplaite pour un peu d'ragent.vous aurez besoin d'un copie de votre permis et les autres  documents exiges tels que le certificat d'inspection sur la Sante et Securite. Ne corrompez pas un officier lorsque votre business repond a toutes les conditions. Vous aurez votre licence et commencer ez le business. Un officier de Sante & Securite/H&S  pourra inspecter l' emplacement de votre business. Veuillez respecter les lois de H&S. Renouvellez votre permis quand ca expire.  
fr,Travail,Lois des provinces," Informez-vous sur la loi provinciale de RSA de votre businsees anticipe. KZN/Limp/Mpum/NW:  un permis/ un certificat / licence de la H&S. Limp: Un permis de 1 ans renouvelable 1 mois avant son expiration si non, vous risquez l'emrisonement ou amendes. KZN: ne pas modifier sans permission l' immeuble ou est base votre commerce. Mpum: les colpolteurs/vendeurs/venduers de rue n' ont pas  besoin de licence mais doive avoir l'evidence de leur appartement du post de vente. Gauteng: Contactez LHR pour une copie des lois.Voir Services Utiles.  "
fr,Travail,Reglementations de la Cite,"Par-Lois/By-laws: c'est la lois de la municipalite, qui y controle les affaires & services. Il faut s'informer de ces lois avant d'y faire le business.Conseil: Il est important de respecter ces lois si non, vous risquez l'emprisonement ou la perte de vos biens.Pour plus d' info sur ces lois, voir: www.capetown.gov.za  www.tshwane.gov.za, www.durban.gov.za,www.nelsonmandelabay.gov.za ou www.joburg.org.za "
fr,Travail,Securite/Enseignant,"Les officiers de securite ou gardiens des voitures doivent se faire enregistrer avec PSIRA.Les citoyens de la RSA, residents peprmanents et refugies exemption peuvent travailler comme guardes.Les enseignants des ecoles publiques devront evaluer leurs diplomes avec SAQA et vous faire enrigistrer avec le Conseil sud-africain des Educateurs /SACE.Cette evaluation ne vous guarrantit pas du travail.Visitez: www.sace.org"
fr,Travail,Infirmier,Les refugies ayant des diplomes d' infirmier etrangers devront etre enregistres a la SANC.Visitez: www.co.za Pour la list de tous documents a presenter. 
fr,Travail,Docteur,"Les refuges - idocterus en medecine peuvent demander l'enregistrement en RSA.Le DOH emploi les docteurs etrangers ayant des bonnes qualifications & experience dals les hopitaux  ou gouvernements.Enregistrez-vous au FWMP sur 0123120467. Vous avez besoin de l'offre d'emploi du gouvernement, hopital ou depaartement de la sante. Faites la demande de la reconnaissance formelle pour vous faire enregistrer  avec le  Conseil de Profession Medicale en RSA sur 0123389350.  "
fr,Travail,Discrimination,"Il y a des lois qui vous protegent en milieu de tavail contre la discrimination et le traitement injuste au travail. Votre employeur ne peut pas vous discriminer par ce que vous etes immigrant.Les lois vous y protegent ainsi que vons heures minimum de travail, jours de conge , salaire et voies de votre renvoi du travail."
fr,Travail,Reclamations de l' UIF/CF,"Vous pouvez reclamer votre frais de chomage/UIF si votre travail est termine ou si vous avez un nouveau-ne.Vous besoin d'un ID de 13 chiffres pour faire cela. Si un accident vous arrive au travail et que vous etes touches ou infectes ou devenez invalide, le Fond de Compensation vous payera quelques frais. En cas de deces vos dependants recevront de l' argent.Le fond de compensation payera les frais medicaux."
so,shaqada,lahaanshaha ganacasi, Ganacsigaaga waxda ganacsiyada hel ogolaansh. Waxa laga heli kara hoose bixi iyar oo ah koobiga dagansha haga iyo wax yalo.Sida arimo cafimaad.Amaan kormeer ha samayn laluush gaar ahaan marka loga baahda wax wad heli fasax in aad la socoto shuruucda markasta hubi wakhtiga dgicitaankaga ogolaanshaga.
so,shaqada,xeerka gobolka,hubso sharciga gobalka aad joogto ama aad rabto in aad ka ganacsato sida darban ama linboobo/buumalanga/waqooy/w/galbeed waxaad u baahan tahay aqoonsi caafimaad xaqiijinta arimaha amaanka sharcigana cusboonaysiin inta uuna dhicin hal bili ka hor hadii klae waxaa suurta gal ah ganaax ama xabsi in aad la kulanto  darban ma awoodid in aad badasho guriga ganacsiga fasax la aan gacansiga guriga hortiisa ama wadada uma baahnid liisan lkn  waxaad u baahan tahay in aad cadayso in ay tahay goob adeeg gaar ahaan markaad  gobalkan khawteen waxaad la xidhiidhi kartaa hayada u dooda sharciyaqaanada xuquuqda adamaha  adiga oo wata koobiga sharcigaaga iyo waxaayalaha muhiimka ah 
so,shaqada,xeerka magaalo,sharciga dawlada hoose waxaa lagu yeedhi karaa sharci xadidaada sida ganacsiga  iyo adeega kale sida shaqada goobaha ay adeega ka bixiso waxaa lagu xish meeyaa sharciga dawlada hoose hadad rabto in aad ganacsato TALO muhiim ah si aad u adeecdo dhaman sharcigayada lagaaga baahan yahay hadadn la socon sharciga waxaad lumisay hantidada ama waxaad kasbatay xabsi  waxaalaha  kugu haboon dhinaca sharciga waxaad la xidhiidhaa www.capetown.gov.za   www.tshawane.gov.za  www.durban.gov.za www.nelsonmandelabay.gov.za  www.joburg.gov.za
so,shaqada,amaanka iyo macalinka,amaanka ama ilaalada  waa in aad la xidhiidho shirkada gaarka loo leeyahay ee amanka waxaa aad kula shaqayn kara kuwa haysta dhalashada konfur africa ama daganaasho rasmi ah sidoo kale qaxootiga awooda u leh in ay buuxiyaan shuruudaha waxay ku shaqayn karaan sida macalinka hadii aad tahay mid ku shaqayna ya macalinimo dad waynha ah waa in aad hubiso tayadada macalinimo waxada qaabilsa(kaht)saqa) hayadaas ma xaqiijin karto in aad heli shaqo waxaa kale ood iska dawaan galin kartaa (waxada u qabil san k afrika waxbarashada)waxanad boqan karta www.sace.org.za in badan o wara
so,shaqada,kalkalisada cafimadka,qaxootiga awooda u leh in ay noqdaan kalkaaliso caafimaad waxay iska dawaan galin karaan(sanc)waxda dawaan galinta kalkaalisooyinka k afika)waxaad ku gudbin kartaa shahaadooyikaga www.sanc.co.za waxaanda u bahan thy in aad gudbisao liiska dhan
so,shaqada,dhakhtarka,Daxatirto heystaan sharciga caxotiga SA. Waxaa cafimaadka u ah in ey letyihin wayo-aragnimo. Diwaan isbitalada iyo barnamijada 012-312-0467 hadii ad do neyso shaqa iyo xaruunta cafimadka. Xayeysin u furo FWMP o shaqo iro xayaysin. Isko so roof xaruunta cafimadka SA 012-338-9350.
so,shaqada,midab takoorka, Wadanka SA waxaad xaq u leedahy in aad hesho difaaca midab ama hanjabaad. Marka aad  joogto  shaqo  cida aad la shaqaynyaso kuma  takoori karaan sababtoo ah tahay sharciguna. Sharciguna difaacayaa shaqo mushahar kaaga iyo sababta aad ku wayday.
so,shaqada,helitaanka xuquuqda canshuuraha naftaada ,waxaad sheegan kartaa waxii khuseeya dhawac goobta shaqada ama in ay ilmaha wax kaa soo gaadheen ama aad shaqo laan  ad tahay ama xanuun ku hayo shaqada dhexdeeda ama ama aad laxaad beeshay waxaa bixinaya waaxda magdhawga  xataa haddii aad dhimato ama aad hdaawacabto waxayna kaa cawinayaan dawada iwm
sw,Kazi,Mwenye Biashara,"Sajili biashara yako na CIPC. Jua liseni kupata kwa municipality na bei nafuu. Unahitaji copy ya kibali na ziada kama afya & usalama (H&S) ukiguzi vyeti. Utapata liseni na uanze biashara. A H&S afisa aeza chunguza tovuti. Unajitaji H&S sheria kila wakati. Angalia tarehe ya liseni kabla kuanguka. Andikisha biashara yako katika CIPC . Uliza Kama inahitaji leseni, ambao inapatikana  katika manispaa kwa ada ndogo. Unahitaji nakala za kibali chako na nyaraka mbali mbali zaidi   kama  Vyeti vya ukaguzi wa Idara ya Afya na Usalama ( H & S ) . Usilipe rushwa! ! Wakati biashara yako inaeneza mahitaji yote , utapata leseni na unaweza kuanza biashara . Afisa wa H & S anaweza kukagua eneo la  biashara yako. Unahitaji kufuata  sheria za H&S wakati wote. Angalia leseni itaisha  tarehe gani na uifanye  upya  kwa wakati."
sw,Kazi,Sheria za Jimbo,"Angalia sheria za biashara majimbo ya SA. KZN/Limpopo/Mpumalanga/North West unahitaji liseni inuruhusiwa na Afya &Usalama  . Limp: Liseni iko mwaka 1. Fanya Upya mwezi 1 kabla  iishe au utafainiwa/fugungwa. KZN: Huwezi  kubadilsha mjendo kwa biashara bila ruhusa.Mpum : wachuuzi wa mitaani hawana haja ya leseni, lakini haja uthibitisho kwamba walipewa  ruhusa ya kufanya biashara  katika maeneo hao . Gauteng : Wasiliana na  LHR kwa kupata nakala ya sheria . Ongalia 'Huduma Muhimu'."
sw,Kazi,Sheria ndogo ndogo za mji,"Sheria ya munisipaa inaitwa sheria ndogo ndogo za mji. Zinahusika na  biashara na huduma ya miji. Jua sheria ya munisipaa  unaofanyia biashara. Mwanga : Ni muhimu kutii sheria. Usipofuata sheria, unaweza poteza mali yako au kufungwa.Kwa sheria zianozohusika  ongalia: www.capetown.gov.za, www.tshwane.gov.za, www.durban.gov.za, www.nelsonmandelabay.gov.za au www.joburg.org.za"
sw,Kazi,Mlinzi / Mwalimu,"MLINZI / MLINZI WA MAGARI : Lazima ujiandikishe katika PSIRA .  Raia wa SA , Wakazi   na wakimbizi  ambao wana kinga ya kudumu wanaweza kufanya kazi kama walinzi. MWALIMU : Kama wewe ni mwalimu wa shule za umma  unahitaji kuangalia  vyeti vyako vya kimataifa kama vinafaa katika Mamlaka SA Sifa ( SAQA ). Tathmini ya SAQA haina dhamana ya kukupa kazi.  Pia jiandikishe na  Baraza la waelimishaji SA( Saces ). Nenda www.sace.org.za kwa maelezo zaidi."
sw,Kazi,Muguuzi,Wakimbizi wenye fuzu wa uuguzi wasajili na South African Nursing Counsil (SANC). Nenda www.sanc.co.za kwa hati unasajili.
sw,Kazi,Daktari,"Madaktari wakimbizi waeza kusajili udaktari SA. Idara ya Afya (DOH) huajiri madaktari wageni wenye sifa & uzoefu wa hospitali za serikali. Sajili na Foreign Workforce Managment Programme kwa 012-312-0467  upate kazi hospitali za  serakalini.  au Idara ya  afya. Omba mhuri kwa FWMP. Ukipata Kazi na mhuri,omba sajili na Health Professions Counsil of SA kwa  012-338-9350."
sw,Kazi,Ubaguzi,"Sheria SA inakataza ubaguzi au unyanyasaji kazini. Mwajiri hawezi kufanya ubaguzi kazini kwamba uko mgeni. Sheria hulinda wewe dhidi ya ubaguzi. Sheria pia inalinda wewe  masaa yako ya kazi, rikizo, mshahara na njia wewe ni ungefukuzwa kazini."
sw,Kazi,Madai ya UIF/CF,"Unaweza kudai kutoka UIF ukikaa bila ajira kwa sababu uko mgonjwa au ulijifungua. Unahitaji ID ya numbari13 ili udai.Kama uliambukizwa na magonjwa  kazini au  kuwa mlemavu, Mfuko wa fidia hulipa. Kama ukifa kwa sababu ya majeruha wategemezi watalipwa hela. Fedia ya fedha watalipa bili za matibabu."
