Step 1: Applying for Asylum,27,Etape 1:Faire une demande d' asile ,35,Applying for Asylum,19,"Demande d""asile",15,,,,,,,,,,,,,
,,,,When/where to apply,19,Quand/Où faire la demande,25,Apply at RRO,12,Faites la demande à RRO,23,12,"Apply immediately after you arrive by visiting a Refugee Reception Office (RRO). If an officer questions you before that, you must say you are going to apply.",158,"Faites la demande à la RRO dès que vous arrivez .Si un officier vous questionne avant cela, repondez- le que vous allez poser la demande d' asile. ",147,194,Key for Chr Count for SMSs,Key for Chr Count for USSD Screens (- character count calculation includes navigation which totals 36 characters max),Answer Navigation (36 characters)
,,,,When/where to apply,19,Quand/Où faire la demande,25,Durban,6,Durban,6,6,"Your nearest Refugee Reception Office (RRO) in Durban is situated at 132 Moore Street, Durban. Call them on 031-362-1205 or fax on 031-362-1220.
",145,"Votre  Bureau d'acceuil des réfugiés (RRO) à Durban est situé sur l' avenue Moore,  No 132, Durban.Numéro de Tél: 031-362-1205 / Fax: 031-362-1220.",147,181,1 SMS (<160 characters),"1 Screen (<180 characters) Too few characters, Back navigation won't show. ","1. Next
2. Back
3. Send to me by SMS"
,,,,When/where to apply,19,Quand/Où faire la demande,25,Musina,6,Musina,6,6,"Your nearest Refugee Reception Office (RRO) in Musina is situated at 8 Harold Street (next to the post office). Tel: 015-534-5300; Fax: 015-534-5332. 

",152,Votre bureau d'acceuil des réfugiés (RRO) à Musina est situé sur l' avenue Harold No 8  (à cote du bureau postal). Tél:015-534-5300; Fax: 015-534-5332.,151,188,2 SMSs (161-319 charaters),2 Screens (181-360 charaters),
,,,,When/where to apply,19,Quand/Où faire la demande,25,Pretoria ,9,Prétoria,8,9,"Your nearest Refugee Reception Office (RRO) in Pretoria West is in Marabastad, corner of E’skia Mphahlele & Struben St. Tel: 012-327-3515; Fax: 012-327-5782. ",158,"Votre bureau d'acceuil des réfugiés (RRO) à Pretoria - Ouest est à Marabastad, croisement entre les avenues E'skia Mphahlele & Struben.Tél: 012-327-3515; fax: 012-327-5782.  ",174,194,3 SMS (321 - 480 characters),3 Screens (361-540 characters),
,,,,When/where to apply,19,Quand/Où faire la demande,25,Pretoria West,13, Prétoria Ouest,15,13,"Your nearest Refugee Reception Office (TIRRO) in Pretoria West is at 203 Soutter St, Pretoria Showgrounds. Tel: 012-306-0800 or 012-306-0806; Fax: 086-579-7823.",160,"Votre Bureau d' acceuil des réfugiés (TIRRO) à Pretoria - Ouest  est sur l' avenue Soulter No 203, Showground Prétoria. Tél: 012-306-0800/012-306-0806; Fax: 086-579-7823.",170,196,4+ SMS (481+ chr),4+ Screens (541+ chr),
,,,,When/where to apply,19,Quand/Où faire la demande,25,Cape Town,9,Ville de Cape / Cape Town,25,9,"RRO Cape Town: 142 Voortrekker Road, Maitland. Tel: 021-514-8414 Fax: 021-514-8403. No new applications, only renewals of existing asylum seekers.",146,"RRO du Cape: Rue Voortrekker No 142, Maitland.Tél: 021-514-8414 Fax: 021-514-8403.Pas de nouvelles demandes, seulement le renouvellement des permis existants des refugiés.",171,182,,,
,,,,,,,,Back,4,Retournez,9,4,,,,,,,,
,,,,,,,,,,,,87,,,,,,,,
,,,,,,,,,,,,,,,,,,,,
,,,,The Process,11,Le processus,12,Your Duties,11,Vos fonctions,13,11,"Asylum seekers and refugees are protected by SA’s Constitution when they obey the law and accept the asylum seekers' duties. It’s your duty to go to the RRO when you arrive in SA and truthfully explain why you want asylum. It’s your duty to obey the law. If you commit a crime in SA you will be prosecuted like any other South African. Peace is your right and duty. If you assist in armed attacks against your country, you may lose your refugee status and go to jail.",467,"La constitution de la RSA protège les refugies et les demandeurs d'asyle lorsqu'ils respectent la loi et acceptent les devoirs des demandeurs d'asyle. C'et votre devoir de vous présenter à la RRO quand vous arrivez en RSA et veritablement expliquer pourquoi vous voulez l'asyle. C'est votre devoir de respecter la loi; au case contraire, vous serez traduits en justice comme tout autre sud-africain. La paid est votre droit et devoir. Si vous participez aux attaques armees contre votre pays, vous pouvez perdre votre permis et etre pris en prison.",548,503,,,
,,,,The Process,11,Le processus,12,Eligibility,11,Eligibilité,11,11,"Fill out the eligibility form. Answer honestly. You will be interviewed later so give as much detail of your true story. Bring with you all documents that show who you are and where you come from. Copies will be made so you keep the originals. After fingerprints are taken, a case number and file number will be given. Write down these important numbers.",354,"Complétez le formulaire d' éligibilité. Repondez honnetement. Vous passerez une interview plus tard pouir donner plus de détail sur votre hisoire. Apportez  tous vos documents qui prouvent votre identité et vos origines. On fera les copies et vouremetra vos orinaux. Après la prise des empreintes digitales, les numéros de votre case et dossier vous sera remis, gardez-les jalousement. ",386,390,,,
,,,,The Process,11,Le processus,12,Free to Apply,13,Libres d'appliquer,18,13,"Don’t pay anyone – no officials, no security guards. The process is free. Fight corruption. Tip: If a DHA official asks for a bribe, get his/her name. Note down the official’s physical features, as well as the date and time of the incident. Tip: There is no need to pay fees. Call the DHA’s toll-free hotline on 0800-601-190 to report corruption. You will remain anonymous. ",374,"Ne payez rien a qu que ce soit, ni aux agents de la sécurité, ni aux officiels. Le prcessus est gratuit. Luttez contre la corruption. Conseil: Si un officier du DHA vous demande une corruption, retenez son nom, ses charactéristiques physiques, ainsi que la date et le temps de l' incident. Conseil: Pas de raison de payer les frais. Rapportez la corruption au suivant numéro gratuit de DHA: 0800601190 .Vous serez anonyme. ",423,410,,,
,,,,The Process,11,Le processus,12,Permit,6,Permis,6,6,"You will get a Section 22 permit (Asylum-seeker permit) when you apply. It's proof you've applied. You're not a refugee yet. Your permit lets you work or study in SA. Check the permit conditions or ask. Know if it’s valid for 1 month or 3. Make a copy of the permit. Always carry it with you. Keep renewing it before it expires. A decision can take months or years. Tip: If you don’t renew your Section 22 permit before expiry, you could be arrested/detained/fined.",465,"Vous aurez un permis de la Section 22 (permis du demandeur d'asyle) lorque vous posez la demande; c'est une preuve que vous avvez posé unde demande.Ce permis ne vous donne pas encore le statut de réfugié. Ce document vous permet de travailler. Vérifiez ou demandez les conditions de votre permis; il est souvent valide de 1 ou 3 mois. Veuillez en faire une copie, toujours gardez ce copie avec vous et renouvellez-le avant que ça n' expire. Un décision peut prendre des mois eo des années. Conseil: si vous ne renouvelez pas votrepermis section 22 avant son expiration, vous risquerez une arrêstation/détention/amendes. ",620,501,,,
,,,,The Process,11,Le processus,12,Interview,9,Intreview,9,9,"You'll be interviewed when you apply for asylum. Expect questions about you and your country. You may bring a legal representative or interpreter. Your representative can only observe. You can also bring witnesses, affidavits or other evidence to help. You will get a decision on the day or later. Get your permit stamped before you leave. Married couples must both be interviewed if applying together. Name your wife or children in another country to add them to your file.",474,"Un interview est prévu lors de la demande d' asile. Il y aura des questions sur vous et votre pays. Vous avez droit à un avocat, interprète ou un temoins, une declaration ou tout autre évidence pour assister . Votre representation ne peut qu'observer. vous auez une décision ce jour ou plustard. Veuillez cachetez votre permis avant de quiter. Les marriés seront interviewer tous, s' ils font la demande ensemble.Déclarer votre femme ou enfants vivant dans un autre pays dans votre dossier.",490,510,,,
,,,,The Process,11,Le processus,12,Interpretation,14,Interprétation,14,14,"If you don’t speak a language of SA well enough to explain your claim, you need an interpreter. If DHA doesn't provide one, you must acquire and pay for your own. Get a person you trust to translate word-for-word; not one who’ll make up a story to get you refugee status. Speak slowly and ask to have your statements read back to you. Ask the official to write down any changes made. Sign the form. Your legal help, a testifying witness or a compatriot can't interpret for you.",477,"Si vous ne parlez pas assez une langue sud-africaine, vous avez besoin de votre interprète si DHA ne vous en a pas donné un(e).Prenez l'interprète de confience qui traduira excatement ce que vous dites et non l'autre qui fabriquera votre histoire pour vous obtenir le statut. Parlez lentement et soyez cohérents, demandez qu'on vous relise votre histoire. Demandez à l' officier d' écrire toutes les corrections. Signez votre formulaire.Votre avocat, témoin, compatriote ne peut pas interpréter pour vous.",505,513,,,
,,,,The Process,11,Le processus,12,Free Legal,10,Droits gratuits,15,10,Some university law clinics and human rights organisations offer free legal advice to asylum seekers and refugees. The UNHCR has legal counsellors specialising in refugee law in 5 SA cities. See ‘Useful Services’ for more info. Legal counsellors can advise on your asylum application or help you with an appeal if your asylum application has been rejected. Counsellors can only give you legal advice. They don’t provide accommodation or food. See Social Services for more info.,477,Certaines universités des cliniques juridiques et des organisation de droit de l'home offrent  des services juridiques gratuits aux réfugiés et demendeurs d'asyle. Le HCR a des conseillers juridiques spécilaisés dans la loi des des réfugiés dans 5 cités sud-africaines. les conseillers jusridiques peuvent vous conseiller sur votre demande de l'asyle ou vous assister si votre demande a été rejeée. ils ne peuvent que vous conseiller. Ils ne donnent pas le loyer ou logement ou bien la nourriture. Voir les 'Services sociaux pour plus d'info. ,543,513,,,
,,,,The Process,11,Le processus,12,About Lawyers,13,À propos des avocats,20,13,"Private attorneys can help with your asylum application, appeal or SCRA review. You may need to pay for these services. Or contact LHR – they may be able to help or refer you. The Law Society of South Africa has a list of attorneys with experience in refugee law – See ‘Useful Services’. Tip: Always ask about a lawyer’s fees before you accept their services. Make sure your lawyer has the right qualifications. To check, contact the Law Society of SA on 012-366-8800.",468,"Les avocats privés peuvent vous aider avec votre demande, appel ou et les revisions des décisions prises par SCRA. Vous pouvez avoir besoin de payer ces services. Ou bien contacter LHR, ils peuvent vous aider ou vous referrer. La Société Juridique Sud-Africaine a une liste des spécialistes en droits des réfugiés - Voir 'Services Utiles'.Conseil: Demandez toujours d'abord les frais de l'avocat avant d'accepter ses services.  Rassurez-vous de l'authenticité des qualifications de l'avocat.Pour vérifier, veuillez contacterer La Société Juridique Sud-Africaine sur: 0123668800.   ",581,504,,,
,,,,,,,,Back,4,Retourner,9,4,,,,,,,,
,,,,,,,,,,,,127,,,,,,,,
,,,,Appl. Results,13,Résultats sur la demande,24,Successful,10,Succès,6,10,"If your application is approved, you’ll get a Section 24 permit (refugee status). Your permit is valid for 2 to 4 years. You must renew it at your RRO before it expires. Refugees can apply for a refugee ID (maroon ‘ID’) and travel documents. It may take time. Only apply for travel documents if you have a refugee ID. If you don’t, and must travel for an emergency, contact UNHCR. Tip: If you travel back to your country, you could lose your refugee status in SA.",463,"Si votre demande est approuvée, on vous donne le permis de la Section 24 (statut des réfugiés) qui est valide dpour 2 à 4 ans. Vous devez le renouveler avant son expiration au bureau de RRO. Les réfugiés peuvent postuler un ID des réfugiés et des documents de voyage. Cele peut prendre du temps, veuillez postuler poru l'ID seuleuement si vous avez l'ID des réfugié si non, vous ne pouvez voyaer que sur l'urgence, veuillez contacter le HCR. Conseil: Si vous voyagez dans votre pays d'origine, vous perdre votre statut de  réfugié en Afrique du Sud.",549,499,,,
,,,,Appl. Results,13,Résultats sur la demande,24,Unsuccessful,12,Sans succès,11,12,"If a RRO rejects your application, you’re not recognised as a refugee. You have 30 days to give a notice of appeal, otherwise you must document your stay in another way or leave SA. The reason for rejection affects your appeal. If your application. was fraudulent or abusive, the Standing Committee of Refugee Affairs will review it. You have 14 days to give them a written statement on why you disagree, at the RRO that issued the rejection letter. Ask a LHR counsellor for help.",480,"Si votre demande est rejeée par un officier de RRO, voust n'etes pas réfugié reconnu.Vous avez souvent 30 jours pour donner l'avis d'appel. Atrement, vous devez documenter votre séjour en RSA ou quitter. Les raisons de votre rejet affectent votre appel. Si votre demande était fraudulente ou abusante, le SCRA devra la revoir. Vou avez 14 jours pour faire une déclaration écrite de votre désaccord avec RRO qui vous a ainsi rejeté.Contactez LHR pour l'assistance.",463,516,,,
,,,,Appl. Results,13,Résultats sur la demande,24,Appealing,9,Appel,5,9,"Private attorneys can help with your asylum application, appeal or SCRA review. You may need to pay for these services. Or contact LHR – they may be able to help or refer you. The Law Society of South Africa has a list of attorneys with experience in refugee law – See ‘Useful Services’. Tip: Always ask about a lawyer’s fees before you accept their services. Make sure your lawyer has the right qualifications. To check, contact the Law Society of SA on 012-366-8800.",468,"Les avocats privés peuvent vous aider avec votre demande, appel ou et les revisions des décisions prises par SCRA. Vous pouvez avoir besoin de payer ces services. Ou bien contacter LHR, ils peuvent vous aider ou vous referrer. La Société Juridique Sud-Africaine a une liste des spécialistes en droits des réfugiés - Voir 'Services Utiles'.Conseil: Demandez toujours d'abord les frais de l'avocat avant d'accepter ses services.  Rassurez-vous de l'authenticité des qualifications de l'avocat.Pour vérifier, veuillez contacterer La Société Juridique Sud-Africaine sur: 0123668800.   ",581,504,,,
,,,,,,,,Back,4,Retourner,9,4,,,,,,,,
,,,,,,,,,,,,51,,,,,,,,
,,,,Your Rights,11,Vos droits,10,Asylum,6,Asile,5,6,"It is your right: to have ou asylum application processed without corruption, to not be deported to your country where you shall be persecuted because you have illegally entered or presnt SA while your application still in process",230,"C'est votre droit: D'avoir votre demade d' asile sans corruption, ne pas être déporter dans votre pays ou être persécutés pour avoir fait une entrée illégale ou etre présent RSA pendant que vous attendez la décision sur votre demande.
 ",236,266,,,
,,,,Your Rights,11,Vos droits,10,Work,4,Travail,7,4,Every refugee or asylum seeker with a valid permit has the right to work in SA. You can be employed or run your own business. You don't need an extra work visa.,160,Tout demendeur d'asyle ou refugié ayant un permis valide a le droit de travailler en RSA. Vous obtenir un emploi  ou faire vos propres affaires.Vous n' avez pas besoin d' un extra visa,184,196,,,
,,,,Your Rights,11,Vos droits,10,Health,6,Santé,5,6,You have the right to basic health and reproductive health care services in SA. You cannot be refused emergency medical treatment. Hospital workers don’t always know the rights of refugees and asylum seekers with valid permits. You can contact Lawyers for Human Rights if you have a problem accessing public health services.,324,Vous avez le droit aux soins médicaux de base en RSA.On ne peut vous refuser les soins médicaux d'urgence.Les agents de l' hôpitaux sont parfois sous informés sur les droits des refugés et demandeurs d'asyle avec permis valides. Vous pouvez contacter LHR si vous n' avez pas accès aux soins de santé publics.  ,310,360,,,
,,,,Your Rights,11,Vos droits,10,Education,9,Éducation,9,9,Everyone has the right to basic education in SA. You must have a valid study permit to study in SA. Are you in the country on another valid permit? Check first if your permit allows you to study in SA. Some conditions might apply.,230,Toute personne a le droit d' écation de base en RSA.Vous devriez avoir un permis d' étude valide en RSA.Êtes-vous en RSA sous un différent permis valide? Vérifiez si votre permis vous permet d' étudier en RSA.Quleques conditions pourraient etre applicables,256,266,,,
,,,,Your Rights,11,Vos droits,10,Food &Housing,13,Aliment & Logement,18,13,"You have a right to food, water & housing. Organisations offer limited help but you’ll have to support yourself soon afterwards. See ‘Useful Services’ for religious establishments that can help. 

You must look after your social & economic needs. SA Gov, NGOs & UNHCR only help special cases. UNHCR has a limited role in SA (with no camp) & can’t provide for all needs. Along with NGOs, they give limited help in cities with RROs & only for the most vulnerable (moms & kids who’ve been in SA under 2 months, single men with special needs, the ill & disabled). Help can include food & basic housing up to 3 months. Most refugee communities offer little material help, but can offer support. You can access public services like healthcare & education.",749,"Vous droit sur: l' alimentation, eau et .Les organisations offrent une assistance limiée, par la suite, vous devriez prendre soins de vous memes. Voir 'Sevrices utiles' pour les organisation religieuses qui peuvent assister. Le gov. de la RSA, ONGs & HCR interviennent dans des cas speciaux. Le HCR a un role limité en RSA (sans camps des refugiés). L' assistance maigre est apportée aux plus vulnérables personnes (mamans et enfants qui sont en RSA pour moins de 2 mois, homes celibataires avec des beoisns speciaux, les malades & handicapés). L'assistance peut comprendre la nourriture et loyer de base pour 3 mois. La pluspart des communautés des refugiés donnent peu d'assistance materiel mais donne le soutien. Vous avez l' accès aux soins de santé public et éducation.",774,785,,,
,,,,Your Rights,11,Vos droits,10,Eviction,8,Éviction,8,8,The law protects refugees and asylum seekers from unlawful evictions. The landlord must have a court order before he can evict you. Remember: only a court can force you to leave. The landlord cannot threaten you or use force to remove you from the property. Contact the Rental Housing Tribunal on 011-630-5035 or 0800-046-873 if there’s a dispute or if you feel you’ve been unfairly treated.,391,Les lois protègent les immigrants d' un éviction illégale.Le bailleur devra avoir un mandat d' éviction avant d' agir.Seulement le tribunal peut vous expulser.Contacter le Tribunal des Locations des Maisons sur: 0116305035/0800046873 s' il y a une dispute ou vous êtes maltraités.,280,427,,,
,,,,Your Rights,11,Vos droits,10,LGBTI,5, LGBTI,6,5,"SA’s constitution protects the rights of Lesbian, Gay, Bisexual & Transgender Individuals (LGBTI). LGBT victims must report crimes to the police. LGBT victims of hate speech can lay a complaint with the SAHRC. Ask for legal assistance if you’re struggling to lodge your claim. Go to the contact list for more info. For LGBTI support in Johannesburg: call GALA on 011-717-4239. Or in Pretoria: call Out Wellbeing on 012-430-3272. In Durban: call Gay & Lesbian Network 033-342-6165.",480,"La constitution sud-africain protège les LGBTIs.Les victimes doinvent rapporter leurs abus à la police, ou au SAHRC.Veuiller demander l'assistance juridique si vous avex des problemes pour ouvrir des cas. Voir la Liste de Contact pour plus d' info.Le soutien des LGBTI: GALA à Johannesburg: 011 717 4239, ou Pretoria,  Wellbeing : 0124303272/ Gay & Lesbien Network à Durban: 033 342 6165.  ",390,516,,,
,,,,Your Rights,11,Vos droits,10,Abuse,5,Abus,4,5,"Women and children have the right to live free from abuse. All types of abuse must be reported to the police. Remember: a protection order can prevent more violence. Violence can mean intimidation, physical, sexual or verbal abuse, being threatened with abuse or when you lose your freedom. Abuse of women and children is illegal in SA. Get free legal help from women and children’s organisations or call the toll-free helpline on 0800-150-150 for help and counselling.",469,"Les femmes etles enfants ont le droit de vivre sans abus. toute sorte d'abus doit être rapporté à la police.Souvenez-vous qu'une ordonnance de protection vous épargne de plus de violence. Violence peut signifier l'intimidation, abus physique, sexuel ou verbal ou lorque vous perdez votre liberté.L'abus des femmes et des enfants est illégal en RSA. Obtenez une assistance légale gratuite des organisations des femmes et enfamts ou appelez au 0800-150-150.",455,505,,,
,,,,,,,,Back,4,Retournez,9,4,,,,,,,,
,,,,,,,,,,,,96,,,,,,,,
,,,,Arrest,6,Arrestation,11,Arrest,6,Arrestation,11,6,"Valid permit holders are safe from arrest unless they break the law. Police or immigration officials may request your permit to prove your stay is legal, or you may be arrested/detained. If you're arrested, you must prove that you're allowed to be in SA. You will go to a police station until the DHA verifies your identity within 48 hours. Never bribe an officer to avoid being arrested or to get out of jail – it's illegal! Tip: Always carry your permit or certified copy. ",475,"Les detenteurs des permis ne peuvent pas etre arretés sauf au cas de la violation de la loi. La police ou les officiers d' immigration peuvent vous demander votre permis pour verifier statut d'immigration en RSA. En cas d' arrêstation, vous irez à la police  jusqu' à ce que l'officier de DHA verifie votre indentite dans les 48hrs. Ne corrompez pas un officier pour eviter l'arrestation ou detention, c' est contre la loi.Ayez toujours votre permis ou une copie du permis certifiée.",483,511,,,
,,,,Arrest,6,Arrestation,11,What to do,10,Que faire,9,10,"There are legal ways out of your arrest. It may take time. Ask to speak to a lawyer. It is your right. If you are arrested and have a valid visa, ask a friend or family to give copies of your valid documents to the DHA. Remember: You have the right to get legal representation if you are arrested. Tip: If you go to a magistrate’s court, you can ask for ‘legal aid’. You will be able to speak to a lawyer for free. ",415,"Il y a plusieurs moyens de vous libérer. C' est dans votre droit, Si vous êtes arrêtés et possèdes un valide permis, demander à une personne de sûr de donner la copie de votre valide permis au DHA.Vous avez droit à un avocat lors d' une arrêstation. Au tribunale vous pouvez consulter   un avocat gratuitement. ",311,451,,,
,,,,Arrest,6,Arrestation,11,Conditions,10,Conditions,10,10,"The DHA officer should verify your documents within 48 hours. It's your duty to carry your permit on you. You have a free phone call to call your friend for a copy of your permit. You can make a statement to DHA that you disagree with the decision to detain or deport you. You can only be detained for 30 days unless a court extends your detention. When the court makes its decision, you must be informed of this in writing, you can gives reasons why you don't agree.",467,"Vérifier les documents au DHA prend 48 hrs. Ayez toujours votre permis, c'est votre devoir. Vous avez des appels gratuits à faire à votre ami pour la copie de votre permis.Vous pouvez déclarer par écrit au DHA le refus de votre détention/déportation.Votre détention est normalement de 30 jours sauf s'il y a une prolongation de la court. So la court prend une decision, vous en etes informés par écrit, si vous en etes pas d'accord vous pouvez donner des raisons.",463,503,,,
,,,,Arrest,6,Arrestation,11,Deportation,11,Déportation,11,11,"If you are taken to the Deportation Centre, you may contact a lawyer for legal advice. Lawyers for Human Rights visits the centre every week. Ask your family to notify LHR about your situation and that you need help. If you don’t have legitimate reasons to stay in SA with the necessary documents, you’ll be kept at the centre and deported back home. Contact Lawyers for Human Rights if your conditions of detention are unsafe or violate your dignity.",451," Si on prend au Centre de Déportation, vous pouvez contactez un avocat. LHR visite le centre chaque semaine. Demandez à votre famille de leur informer que vous désirez un avocat. Si vous êtes illégals en RSA, vous serez détenus, puis  déportés dans votre pays.Contactez LHR si vos conditions de détention ne sont pas bonnes ou sont en violation de votre dignité. ",363,487,,,
,,,,,,,,Back,4,Retourner,9,4,,,,,,,,
,,,,,,,,,,,,61,,,,,,,,
,,,,Children,8,Les enfants,11,Accompanied,11,Accompagnés,11,11,"If a child enters SA in the care of a relative who's not a parent, the caregiver must go to the Children’s Court and apply to be legal guardian. Refugee status is given to children/dependants when the head of the family/household’s application is approved. A child’s case may be stronger than the parents' – if so, submit an independent application for asylum. A legal representative, parent or legal guardian must always accompany a child asylum seeker at his/her interviews.",476,"Si un enfant entre la RSA avec un membre de la famille qui n'est pas son parent, son pourvoyeus de soins doit aller au Tribunal des enfants pour légaliser cette charge. Le statut de réfugié est donné aux dépendants lorsque le responsble obtient le statu de réfugié. Le cas de l'enfant peut etre plus fort que celui des parents - dans ce cas, faites une demande d' asile indépendanted. Le responsable / or parent de l' enfant doit toujours l'accompagner lors de son interview.",475,512,,,
,,,,Children,8,Les enfants,11,Unaccompanied,13,Non - accompagnés,17,13,A child asylum seeker is unaccompanied when there isn’t a person present whose main responsibility is to take care of the child. Children who were separated from their parents before or during the flight from their country are also ‘unaccompanied’ children. ,258,Un enfant demandeur d' asile est non accompagné lorsque la personne qui lui prend en charge ne se présente pas.Les enfants séparés avec leurs parents avant ou pendant qu' ils quittaient leurs pays sont aussi considérés comme non- accompagnés.,242,294,,,
,,,,Children,8,Les enfants,11,Documentation,13,Documentation,13,13,"Children seeking asylum without a parent/guardian must be referred to the Dept. of Social Development, where a social worker will be assigned to the case. The social worker must work with the DHA to help the child with the asylum application at a RRO. The social worker must also investigate the child's case & give a report. If the child doesn’t have an asylum claim, a legal counsellor must be contacted. Important: children must be documented or they risk becoming stateless.",478,"Les enfants demandeurs d' asile qui sont non - accompagnés doivent être présentés au  DSD, un travailleur social s' occupera de lui. L'assistant social travaille avec DHA pour aider l'enfant avec la postulation de l'asyle au RRO, le travaililleur social fait l'investigation du cas de l'enfant et fait un rapport.Contactez un avocat si l' enfant n' a pas debonne raisons de demande d' asile. Les enfants doivent etre documentés, afin d'eviter qu'ils devennent apatrides. ",471,514,,,
,,,,,,,,Back,4,Retourner,9,4,,,,,,,,
,,,,,,,,,,,,57,,,,,,,,
,,,,Helplines,9,Téléphones d'urgence,20,Contact Numbers,15,Numéros de contact,18,15,DHA: 0800-60-11-90; UNHCR: 012-338-5302; Be Court Wise: 083-229-9440; LifeLine Counselling: 0861-322-322; Corruption: 0800-701-701; CCMA: 0861-16-16-16; Abuse: 0800-150-150 or 012-348-1234 or 011-838-0411; Childline: 0800-055-555; AIDS: 0800-012-322 or 0800110605; LoveLife: 0800-121-900.,288,DHA: 0800601190; HCR: 0123385302; Be Court Wise: 0832299440; Counselling sur la Ligne de la Vie: 0861322322; Corruption: 0800701701; CCMA: 0861161616; Abus: 0800150150/0123481234/0118380411; Enfants: 0800055555; Sida: 0800012322/0800110605; L' AmourVie/ LoveLife: 0800121900.,275,324,,,
,,,,,,,,Back,4,Retourner,9,4,,,,,,,,
,,,,,,,,,,,,27,,,,,,,,
,,,,2: Life in SA,13,2: la vie en RSA,,,,,,,,,,,,,,
,,,,,,,,,,,,,,,,,,,,
,,,,,399,,,,,,,,,,,,,,,
,,,,,,,,,,,,,,,,,,,,
Step 2: Life in SA,18,Etape 2:La vie en RSA,21,Life in SA,10,La vie en RSA,13,,,,,,,,,,,,,
,,,,Permit Renewal,14,Renovellement de permis,23,Renewal,7,Renouvellement,14,7,Renew your Section 22 asylum permit at your RRO office before it expires. Some RRO offices have a separate queue for renewals. Section 24 permits are valid for  2 to 4 years. Apply a week before your permit expires at a RRO. The Standing Committee of Refugee Affairs (SCRA) may review your refugee status in SA based on the situation in your home country. Tip: Take all original documents with you when renewing your permit.,424,"Renouvelez voutre permis S22 au RRO, avant son expiration. Quelques RRO ont des ligne distinctes pour les renouvelments .Le permis S24 est valide pour 2-4 ans. Postuler une semaine avant l'expiration de votre permis. SCRA peut revoir votre statut de réfugié en RSA selon la situation dans votre pays.Conseil: Veuillez apporter les originaux lors du renouvellement de votre permis. ",381,460,,,
,,,,Permit Renewal,14,Renovellement de permis,23,Fines,5,Amendes,7,5,"You'll be fined if you do not renew your permit before it expires. Payment of a fine means you are guilty of not renewing your permit on time and leads to a criminal record. If you have a good reason why you couldn't renew your permit, ask a lawyer for help. A RRO officer will give you the fine and tell you where to pay it. It's not more than R1000. If it is, see a lawyer. Renew your permit at the RRO where you applied for asylum. Tip: Permits are not renewed automatically. ",479,"Une amende vous sera chargée si vous ne renouvelez pas votre permis avant son expiration. Le payment de l'emende signifie que vous etes coupables du non - renouvellement pontuel et conduit a un cas  criminel sur vous. Contactez un avocat si vous avez une raison valable pour ne pas renouveller votre permis. Un officier de la RRO vous donne l' amende, pas plus de R1000 et vous indique où la payer. Renouvellez au RRO où vous avez faits votre demande. Conseil: Les permis ne sont pas renouvelés automatiquement.",511,515,,,
,,,,Permit Renewal,14,Renovellement de permis,23,Lost Permits,12,Perte de permis,15,12,Lost permit? Get a statement or affidavit at the police station. Submit the statement with a copy of your permit (if you can) at the RRO. Tip: Lost permits are hard to replace. Make certified copies to give to your family or keep it safe. Remember your permit’s file and case number.,283,"Permis perdu? Faites une declaration / un affidavit à la police. Présentez l' affidavit avec la copie de votre permis, si possible a RRO. Conseil: Remplacer les permis perdus c'est difficil. Faites des copies certifiées de vos permis et remettez- les à votre famille ou gardez- les bien.Retenez votre numero de permis et votre numero du dossier du dossier.",356,319,,,
,,,,Permit Renewal,14,Renovellement de permis,23,Residence,9,Résidence,9,9,Recognised refugees may apply for permanent residence. You must have lived in SA for 5 years in a row as a recognised refugee. Consult the Immigration Act of 2002 for more info on the requirements for a permanent residence application. It is important to get a certificate from the Standing Committee for Refugee Affairs (SCRA) saying you will remain a refugee indefinitely. ,375,Les réfugiés reconnues peuvent faire la demande pour la residence permanente.vous devez avoir le statut de refugié pour au moins 5 ans. Consultez l' Acte de 2002 d' immigration pour en savoir plus des conditions pour la demande de la résidence permanente. C' est important d' avoir un certificat de la SCRA qui dit que vous serez à jamais un réfugié. ,351,411,,,
,,,,Permit Renewal,14,Renovellement de permis,23,Application,11,Demande,7,11,"After 5 years of continuous refugee status, you can apply for permanent residence. Complete a certification application form from SCRA to confirm that you remain a refugee indefinitely. You can ask a legal counsellor like the LHR for help. This can take up to a year. Then submit the SCRA certificate and the documents required by the Immigration Act, to a regional DHA office (not RRO). Tip: Refugees don’t have to pay to submit a permanent residence application.",464,"Le titulaire d' un permis S24 de plus de 5 ans, peut avoir la residence permanente. Completez le formulaire de SCRA pour confirmer que vous êtes à jamais un réfugié. Vous pouvez contacter un avocat, ou LHR pour l'assistance. Ceci peut prendre environ un an. Présentez le certificat de SCRA et les autres documents nécessaires au DHA (pas RRO). Conseil: Les refugiés ne doivent pas payer pour ce service. ",404,500,,,
,,,,,,,,Back,4,Retourner,9,4,,,,,,,,
,,,,,,,,,,,,72,,,,,,,,
,,,,Work,4,Travail,7,Working,7,Travail,7,7,Asylum seekers and refugees are allowed to seek employment with their valid permits and are not required to obtain an extra work visa for this purpose.,151,Les demandeurs d'asyle et les réfugié sont permis de travailler avec leurs permis valides et n' ont pas besoin d' un autre visa quelconque pour travailler. ,156,187,,,
,,,,Work,4,Travail,7,Own Business ,13,"Travail lindépendant
",21,13,"Register your business at the CIPC. Find out if it needs a licence, obtainable at a municipality for a small fee. You need copies of your permit and maybe extra documents like Health & Safety (H&S) inspection certificates. Don’t bribe the official! When your business meets the requirements, you'll get a licence and may start trading. A H&S officer may inspect your business site. You need to follow H&S rules at all times. Check the licence expiry date and renew it on time.",476,Enregistrer votre business à la CIPC. Informez-vous s'il faut une licence delivré par la municiplaité pour un peu d'ragent.vous aurez besoin d'un copie de votre permis et les autres  documents exigés tels que le certificat d'inspection sur la Santé et Securité. Ne corrompez pas un officier lorsque votre business répond à toutes les conditions. Vous aurez votre licence et commencer ez le business. Un officier de Santé & Securité/H&S  pourra inspecter l' emplacement de votre business. Veuillez respecter les lois de H&S. Renouvellez votre permis quand ça expire.  ,567,512,,,
,,,,Work,4,Travail,7,Province Laws,13,Lois des provinces,18,13,"Check the law of the SA province you want to trade in. KZN/Limpopo/Mpumalanga/North West: you need a licence with Health & Safety approval. Limp: licences are valid for 1yr. Renew 1 month before expiry or risk fine/imprisonment. KZN: you can't alter the building you trade in without permission. Mpum: Hawkers/peddlars/street vendors don’t need a licence, but need proof that their stall area is assigned to them. Gauteng: Contact LHR for a copy of the law. See ‘Useful Services’.",480," Informez-vous sur la loi provinciale de RSA de votre businsees anticipé. KZN/Limp/Mpum/NW:  un permis/ un certificat / licence de la H&S. Limp: Un permis de 1 ans renouvelable 1 mois avant son expiration si non, vous risquez l'emrisonement ou amendes. KZN: ne pas modifier sans permission l' immeuble où est basé votre commerce. Mpum: les colpolteurs/vendeurs/venduers de rue n' ont pas  besoin de licence mais doive avoir l'evidence de leur appartement du post de vente. Gauteng: Contactez LHR pour une copie des lois.Voir Services Utiles.  ",543,516,,,
,,,,Work,4,Travail,7,City By-Laws,12,Reglementations de la Cité,26,12,"The laws of a municipality are called by-laws. By-laws control the way businesses and services work in that area. Know the by-laws of the municipality you want to trade in. Tip: It’s important to obey all the by-laws. If you don’t follow the by-laws, you may lose your goods or go to jail. For the relevant by-laws see: www.capetwon.gov.za; www.tshwane.gov.za, www.durban.gov.za, www.nelsonmandelabay.gov.za or www.joburg.org.za",428,"Par-Lois/By-laws: c'est la lois de la municipalité, qui y controle les affaires & services. Il faut s'informer de ces lois avant d'y faire le business.Conseil: Il est important de respecter ces lois si non, vous risquez l'emprisonement ou la perte de vos biens.Pour plus d' info sur ces lois, voir: www.capetown.gov.za  www.tshwane.gov.za, www.durban.gov.za,www.nelsonmandelabay.gov.za ou www.joburg.org.za ",407,464,,,
,,,,Work,4,Travail,7,Security/Teacher,16,Sécurité/Enseignant,19,16,"SECURITY/CAR GUARD: You must register at PSIRA. Only SA nationals, permanent residents and refugees with immunity can work as guards. TEACHER: If you are a public school teacher you need to check your international teaching qualification with the SA Qualifications Authority (SAQA). The SAQA evaluation doesn’t guarantee you a job. Also register with SA Council for Educators (SACE). Go to www.sace.org.za for more info.",420,"Les officiers de sécurité ou gardiens des voitures doivent se faire enregistrer avec PSIRA.Les citoyens de la RSA, résidents peprmanents et réfugiés exemption peuvent travailler comme guardes.Les enseignants des écoles publiques devront évaluer leurs diplômes avec SAQA et vous faire enrigistrer avec le Conseil sud-africain des Educateurs /SACE.Cette évaluation ne vous guarrantit pas du travail.Visitez: www.sace.org",418,456,,,
,,,,Work,4,Travail,7,Nurse,5,Infirmier,9,5,Refugees with foreign nursing qualifications must register with the South African Nursing Council (SANC). Visit www.sanc.co.za for a list of all documents you'll need to submit.,177,Les réfugiés ayant des diplômes d' infirmier étrangers devront être enregistrés à la SANC.Visitez: www.co.za Pour la list de tous documents à présenter. ,153,213,,,
,,,,Work,4,Travail,7,Doctor,6,Docteur,7,6,"Medical doctors with refugee status can apply to register as doctors in SA. The Department of Health (DOH) employs foreign doctors with the right qualifications & experience in govt. hospitals. Register with the Foreign Workforce Management Programme on 012-312-0467 – you need a job offer from a govt. hospital or health dept. Apply for a formal endorsement from FWMP. With a job offer & endorsement, apply to register with the Health Professions Council of SA on 012-338-9350.",478,"Les refugés - idocterus en medecine peuvent demander l'enregistrement en RSA.Le DOH emploi les docteurs étrangers ayant des bonnes qualifications & expérience dals les hôpitaux  ou gouvernements.Enregistrez-vous au FWMP sur 0123120467. Vous avez besoin de l'offre d'emploi du gouvernement, hopital ou depaartement de la santé. Faites la demande de la reconnaissance formelle pour vous faire enregistrer  avec le  Conseil de Profession Médicale en RSA sur 0123389350.  ",468,514,,,
,,,,Work,4,Travail,7,Discrimination,14,Discrimination,14,14,"There are laws in SA that protect you from discrimination or unfair treatment when you are at work. Your employer can’t discriminate against you because you’re an immigrant. The law protects you from unfair treatment. The law also protects your minimum working hours, leave, salary and the way you are dismissed.",312,"Il y a des lois qui vous protègent en milieu de tavail contre la discrimination et le traitement injuste au travail. Votre employeur ne peut pas vous discriminer par ce que vous etes immigrant.Les lois vous y protègent ainsi que vons heures minimum de travail, jours de congé , salaire et voies de votre renvoi du travail.",322,348,,,
,,,,Work,4,Travail,7,UIF/CF claims,13,Réclamations de l' UIF/CF,25,13,"You can claim from the UIF if you end up unemployed because you’re sick or have a baby. You need a 13-digit ID number to claim. If you are hurt or become infected with a disease at work and you end up being disabled, the Compensation Fund will pay out money. If you die because of your injuries, your dependants will get money. The Compensation Fund will help to pay the medical bills.",385,"Vous pouvez reclamer votre frais de chomage/UIF si votre travail est terminé ou si vous avez un nouveau-né.Vous besoin d'un ID de 13 chiffres pour faire cela. Si un accident vous arrive au travail et que vous êtes touchés ou infectés ou devenez invalide, le Fond de Compensation vous payera quelques frais. En cas de décès vos dépendants recevront de l' argent.Le fond de compensation payera les frais medicaux.",411,421,,,
,,,,,,,,Back,4,Retourner,9,4,,,,,,,,
,,,,,,,,,,,,144,,,,,,,,
,,,,Health,6,Santé,5,Your rights,11,Vos droits ,11,11,You have the right to basic health and reproductive health care services in SA. You cannot be refused emergency medical treatment. Hospital workers don’t always know the rights of refugees and asylum seekers with valid permits. You can contact Lawyers for Human Rights if you have a problem accessing public health services.,324,Vous avez droit aux soins médicaux de base et  soins de reproduction en RSA. On peut pas vous refuser les soins medicaux urgents. Les travailleurs des hôpitaux sont parfois sous informés sur les droits des refugiés et demandeurs d'asyle ayant un permis valide.Veuillez contacter LHR si vous avez des problemes d' avoir accès aux soins médicaux. ,345,360,,,
,,,,Health,6,Santé,5,Health costs,12,Coûts de santés,15,12,"Refugees and asylum seekers pay the same fees as SA nationals. Your fee is determined by a means test, which determines how much your fee will be subsidised. If you don't have the right documents, you'll pay the highest fee. Take the following with you: ID; permit; appointment card; payslip/proof of salary; proof of address. Tip: Sick? Go to a clinic close to home first – if they can't help, they'll give you a letter for a hospital. In an emergency, go straight to hospital.",478,"Les refugiés et demandeurs d'asyle payent autant d'argent que les citoyens de la RSA. Vos frais sont déterminés par un test. Si vous n' avez pas de bon document vous payez chèr. Apportez votre: ID, permis, carte de RDV, fiche de paye, preuve de domicile. Malade? Allez dans une clinique proche de vous ou à l' hôpital si votre cas est urgent.",342,514,,,
,,,,Health,6,Santé,5,Clinic/Hospital,15,Clinique/Hopital,16,15,"Clinics provide treatment/medicine, mostly free. Make an appointment at your nearest clinic, unless it’s an emergency. Take your valid Section 22/24 permit. If you’re still waiting for yours, ask an NGO for a letter (see ‘Useful Services’). To go to hospital, you need a letter from the clinic unless it’s an emergency. Can’t pay the public hospital fees? Get an affidavit from the police to explain, or contact an NGO. DON’T go to a private Dr/hospital if you can’t pay the fees.",480,"Aux cliniques les medicaments sont souvent gratuits. Faites un rendez-vous au clinic qui vous est proche, sauf si c'est l'urgence. Apportez votre permis Section 22/24. Si en attente du permis; contactez une ONG pour une lettre (voir 'Services Utiles'. Vous avez besoins d'une lettre pour aller a l'hopital sauf si c'est l'urgence. Sii vous ne pouvez payer les frais des hopitaux publiques, faites un affidavit à la police pour expliquer ou contactez une ONG.  N'allez pas au Docteurs privé si vous ne pouvez pas payer.",518,516,,,
,,,,Health,6,Santé,5,Trauma Help,11,Assistance Trauma ,18,11,Suffering traumatic events (abuse/violence/natural disaster) can lead to Post-Traumatic Stress Disorder (PTSD). Signs of PTSD: struggling to sleep/concentrate; nightmares; flashbacks; anxiety; helplessness; fear. Share your story if you have PTSD. In counselling you’ll talk about your experience/feelings. Visit the Trauma Clinic in Joburg or Trauma Centre for Survivors of Violence & Torture in Cape Town. There are other trauma clinics in SA. See ‘Contact List’ for more info.,479,"Traumatisés suites à certains évènements peut conduire au SSPT/PTSD: Singes de PTSD: problemes de dprmir, concentration, cauchemar et autres.Partager votre histoire si vous avez PTSD. Lors des conseils sociaux, vous parlerez de vos experiences, état emotionelle. Visitez: Le Centre de Trauma à JHB ou le Centre de Trauma pour les Rescapés de la Violence ou Torture au Cape Town. Il y a en RSA des autres cliniques de trauma. Voir la 'Liste de Contact' pour plus d' info.",470,515,,,
,,,,Health,6,Santé,5,HIV/Aids,8,VIH/Sida,8,8,"HIV can go unnoticed for up to 10yrs. Know your status and get treatment sooner to help you lead a normal life. HIV weakens your body’s power to fight infections such as pneumonia. There is no cure. You can get HIV by having unprotected sex or using unsterilised needles/syringes. If you’re HIV+ and pregnant, your baby can get HIV in the womb, after birth or by breastfeeding. Tip: You can’t get HIV through casual contact, like working together, kissing, or sharing space.",474,"Le VIH peut vivre caché pendant environ 10 ans. Il faut connaitre votre statut et prendre le traitement pontuellement pour vontre santé. VIH affaiblit la force de votre corps pour lutter contre les infections comme la pneumonie. Il n y a pas de remède pour le VIH.L' infection se transmet par  le sang, comme lors de l'injection sans sterilisation du matériel ou avour les relations sexuelles sans protection. Si vous êtes VIH+ enceintes , votre enfant peut être infécté dans le ventre, après sa naissance et par le lait maternel. Conseil: Vous n' êtes pas infectés par le VIH par un contact ordinnaire comme marcher ensemble, baiser ou le partage de l'espace.",660,510,,,
,,,,Health,6,Santé,5,HIV Testing,11,Le test du VIH,14,11,"To know your HIV status you need to get a blood test, available at most public health centres. The test is free. You’ll receive counselling before and after your test. Sometimes two tests are done. You’ll know your status after 20 minutes. Your blood sample might have to go to a laboratory, these results take a few days. HIV tests are very accurate. Many organisations in SA offer HIV tests, counselling and treatment. Go to www.tac.org.za or the contact list for more info.

",478,"Vous puvez connaitre votre statut sur le VIH par un test de sang, disponible dans tant de centre de santé. Le teste est gratuit. Vous aurez des conseils avant et apres le l'examen. Souvent on fait 2 examens. Les résultats sortent dans les 20 min. L' échantillon de votre sang pourrait aller au laboratoire, et les résultats sortent après quelques jours.Les examens de VIH sont précis.Plusieurs organisations offrent le test de VIH,counselles sociaux et traitement.Visitez: www.tac.org.za ou La List de Contact pour plus d'info.",527,514,,,
,,,,Health,6,Santé,5,PMTCT,5,PTME,4,5,Pregnant women with HIV should ask for Nevirapine at public health centres. It can prevent HIV infection during childbirth. Nevirapine is an antiretroviral drug (ARV). Go to the contact list or www.tac.org.za for info on centres with ARV treatments.,249,"Femmes enceintes avec VIH doivent etre traitées avec la Névirapine, disponible aux centre de senté gouvernementaux et protegent l'enfant contre l'infection du VIH los de la naissance. Le neverapine est un  antirétroviral (ARV), Voir la list de contact/www.tac.org.za ",267,285,,,
,,,,Health,6,Santé,5,ARV Treatment,13,Traitement de ARV,17,13,Antiretroviral (ARV) treatment begins during a serious HIV-related illness or when your CD4 count drops below 350. Most people start ARV 8-10 years after infection. It isn’t the same for all. See a doctor and get the best treatment for you! Remember: It doesn’t matter what your permit/document status is – you are entitled to free ARV treatment.,346,"Le traitement de l' ARV commence pendant que les malidies liées au VIH manifestent les faiblesses et les CD4 chuttent à 350. L' ARV peut commencer  8-10 ans après l' infection pour certain. Consultez le médecin pour votre bonne traitement.Cela ne dépend pas de votre genre de permis , vous avez droit au traitement d' ARV gratuit.",330,382,,,
,,,,Health,6,Santé,5,Sexual Abuse,12,Abus sexuel,11,12,"If you wish to report a rape, go straight to the police. Don’t shower, drink liquids or use the toilet – this helps with evidence. You CAN change clothes, but take along the clothes you were wearing. You don’t need to report it to get medical treatment. If HIV negative before the assault, you have a right to a 28-day course of antiretrovirals to prevent HIV, but must take it within 72hrs. Help/info: LoveLife 0800 121 900; AIDS Helpline 0800 01 23 22; AIDS Hotline 0800 11 0605",480,"Si vous voulez reported la violence sexuelle, allez à la police avec les preuves de la scène. Ça vous aide pour le procès. Vous pouvez changer les habits mais prenez avec vous ce que vous etiez habillés lors de l'incident avec vous; vous n'avez pas besoin de raporter ceci pour avaoir les soines medicaux. Si vous êtiez VIH negatve avant le viole, vous avez droit 28 jours pour un traitement d' ARV dans les 72 heurs de l'incindent pour prévenir le VIH. Informez-vous à: Lovelife: 0800121900;AIDS ' Ligne d'assistance: 0800 01 2322/ 0800 11 0605",545,516,,,
,,,,,,,,Back,4,Retournez,9,4,,,,,,,,
,,,,,,,,,,,,143,,,,,,,,
,,,,Education,9,Education,9,Your rights,11,Vos droits,10,11,Everyone has the right to basic education in SA. You must have a valid study permit to study in SA. In SA on another valid permit? Check first if your permit allows you to study in SA. Some conditions might apply.,213,Toute persopnne a droit a l'education en RSA. Vous devez avoir un permis d' étude valide en RSA ou un autre permis acceptable par la oi. En RSA avec in autre genre de permis? Vérifiez si ça vous permet d' étudier en RSA. Il peut y avoir quelques conditions à appliquer.,269,249,,,
,,,,Education,9,Education,9,School,6,Ecole,5,6,"A creche is a preschool daycare centre for ages 1-6. Primary school: 7-13. Secondary school (academic or technical): 13-19. If you can't pay the fee, ask to work in exchange for a cheaper fee. Your child must have a visa and passport to be in SA. Children in SA must go to school – it’s the law. Tip: School age groups are flexible, so a child might be older than their classmates, but most government schools don't allow students to be 2yrs older than the grade’s age group.",475,"La creche / creche est pour les enfants de 0 - 6ans, école primaire, de 7-13 ans et le secondaire 13 - 19 ans. Si vous ne pouvez pas payer les frais scolaires, demandez à l' école d' y travailler pour couvrer les frais pour votre enfant. L' enfant devra avoir unvisa ou passeport valide en RSA pour étudier.  En RSA, c'est une loi pour l'enfat d'aller a l'ecole. Conseil: l'age de l'ecole pour l'enfant est flexible. Ainsi les enfants de different age peuvent etre dans une meme classe. Les écoles publiques ne permettent pas que l' enfant sois plus âgé de 2ans que ses camarades de classes.",591,511,,,
,,,,Education,9,Education,9,Application,11,Demande,7,11,"Asylum & refugee kids have the same right to primary education as SA kids. Register for a primary school closest to your house. English not good? Take a friend with who can help. Schools get full quickly so apply early (from July). If the school closest to your house is full, the school must show you another school that can help. If you struggle to register, the school close to your house must refer you to the Dept. of Education (DOE). If the school refuses admission, ask for a letter on their letterhead signed by the principal and take it to the DOE. Still can’t find a school? Contact a social service provider for education or LHR. More info on the contact list.",671,"Les enfants -refugiés et les demandeurs d'asyle ont les memes droits a l'education de base que les enfants sud-africains. Faites les enregistrer à l' école primaire proche de vous. Prenez l'ami pour vous aider si votre anglais n'est pas bonne. Les inscriptions  commencent en juillet. S' il vous est difficile d' obtenir l'admission de l' enfant dans une école proce de vous, demander au directeur de l'ecole un lettre formelle pour cela et contactez le DOE. si cela ne marche pas, approchez le pourvoyeiur des services sociaux ou LHR. Pour plus d'info, voir la liste des contacts.",581,707,,,
,,,,Education,9,Education,9,Tips,4,Conseils,8,4,"The parent or legal guardian must register the child. Give your family’s contact details: physical address, postal address and telephone numbers. Provide the school with certified copies of the child and/or parent’s permit and the child’s inoculation certificate. If you don’t have an inoculation certificate you must get one within 3 months from the local municipal clinic.",374,"Les parents/guardiens devront enregistrer l' enfant.Donnez vos détails de contact de votre famille. Remettez à l' école une copie certifiée de l' enfant et /ou des parents et le certficat de vaccination.Vous pouvez obtenir la carte de vaccination, si vous n'en avez pas, dans les 3 mois dans une clinique locale de la municipalité. ",332,410,,,
,,,,Education,9,Education,9,School fees,11,Frais scolaires,15,11,"If you can’t pay school fees, ask the school to reduce them by completing an exemption form. You must show proof of income (payslip/affidavit/letter of support) & give info on your expenses & responsibilities. Apply for exemption at the start of each term. Keep all letters & appointments with the school. If you ignore notices the school can make you pay. Find a NGO in the contact list for help with the form. Uniforms & learning materials also cost money. If you can’t afford a uniform, your child can wear clothes that resemble it, but must still go to school. Second-hand uniforms are cheaper. Ask at the school. You shouldn’t pay a registration fee. Public schools can’t ask your child to leave if you can’t pay.",718,"Si vous ne pouvez payer les frais scolaires, demandez les formaulaires d'exemption disponible a l'ecole et completez-les. Vous devez produire une preuve de vos revenus (bulletin de payment, declaration, lettre etc) & donner l'info sur vos depenses & responsabilités. Postuler pour l'exemtion a chaque debut du trimestre. Garder l'evidence de rendez-vous, lettres avec l'ecole.  Si vous ingoez les avis, l'ecole peut vous faire payer. Une ONG - voir sur la liste des contacts - peut supporter les études  (uniformes, materiel scolaire, minerval etc). Si vous ne pouvez pas payer l'uniforme, votre enfant peut porter les habits de la meme couleur mais doit aller etudier. Ne ne devriez payer les frias d'inscription.Les écoles publiques ne réfuse pas  l' enfant quand vous ne pouvez pas payer.",791,754,,,
,,,,Education,9,Education,9,Special needs,13,Besoins spéciaux,16,13,Children with special learning needs can go to a special education school. Contact the Department of Education and ask about schools. Placing your child in a special education school is a long process. Get your child on a waiting list as soon as possible.,255,"Les enfants avec les besoins speciaux vont dans des écoles appropriées.Sur ce, contactez le DOE à propos des écoles.Enregistrer l' enfant dans une telle école spéciale est un long procéssus.Faites enregistrer votre enfant sur la liste d' attende le plutôt possible.",265,291,,,
,,,,Education,9,Education,9,University,10,Université,10,10,"You can study at a university to further your education or change your education from your home country to a SA degree. A university degree can help you to get into the SA job market. As a refugee, tertiary education is not guaranteed. You can apply to study at a university or technikon. A technikon is a university of technology with more practical training. Contact the international student office at your chosen university or technikon. Ask for info about their standards.",477,"Vous pouvez faire l' université ou évaluer vos diplômes de votre pays d' origine à ceux de la RSA.La qaulification universitaire peut vous aider a entrer dans le marché du travail. Etant réfigié, l'éducation tertiere n'est pas guarantie. Vous pouvez postuler pour etudier a l' université ou technikon avec plus de formation practique en RSA. Contactez le bureau international des étudiants dans l' université / technikon de votre choix.Demandez plus d' info sur leurs normes.",475,513,,,
,,,,Education,9,Education,9,Uni. Tips,9,Conseils  sur l'université,26,9,"You must pay international registration & local tuition fees. Submit the completed SAQA form with SAQA-certified copies of your academic records. Process can take 3 months. Prove your English proficiency by taking a TOEFL, IELTS or PTEEP test. Scholarship funding & info available online or at the uni/tech’s info desk. UNHCR offers a Dafi Scholarship for refugees under 28yrs who’ve completed secondary education (not for postgrad). See ‘Useful Services’ for info & requirements.",480,"Vous devez payer les frais d' enregistrement international & les frais scolaires locales. Introduisez un formulaire de SAQA avec des copies des diplômes certifiés par SAQA de vos relevés scolaires. le processus peut prendre 3 mois. Vous passerez un test d' anglais au TOEFL, IELTS, PTEEP pour provez vos connaissances anglaises. Les info sur les bourses sont disponibles a l'internet ou au bureau de l'uni/tech. Le HCR offre une bourse DAfi pour les refugiés d'en dessous de 28 ans ayant finit les humanités.Voir 'Services utiles' pour les conditions.",551,516,,,
,,,,Education,9,Education,9,Adult Ed.,9,Education d' un adult,21,9,Some NGOs and refugee communities offer adult education to refugees and asylum seekers. Most adult education programmes are free. Some training centres offer English language courses. Self-help programmes and skills training can be important for job seekers. Adult education programmes also encourage social integration in SA. See ‘Useful Services’ for more info.,363,"Il y a des organisations et communautés des refugiés qui offrent l'education des adultes - refugies ou demandeurs d'asyle, la pluspard de ce genre d'education est gratuite. Certains centres de formation offrent les cours des langues. Les efforts personnels et formations proféssionnelle aident pour avoir de l' emploi. L'education des adultes encourage l'integration sociale en RSA. Voir 'Services utils' pour plus d'info.'  ",425,399,,,
,,,,,,,,Back,4,Retourner,9,4,,,,,,,,
,,,,,,,,,,,,129,,,,,,,,
,,,,Eat/Sleep/Bank,14,Manger/Dormir/Banque,20,Your rights,11,Vos droits,10,11,"You have the right to food, water and housing. Some organisations can help vulnerable asylum seekers and refugees with this. Remember: Help is limited and for a short time only. You will be expected to support yourself soon afterwards. Some churches and religious centres run soup kitchens or provide help to asylum seekers and refugees. See ‘Useful Services’  for more info on these churches and religious centres.",415,"Vous avez droit a la nourriture, eau et logement.Quelques organisations assistent les refugéis & demandeurs d'asyle avec cela. L'assistance est limitée et a court terme avant de vous prendre en charge vous-memes. Certaines eglises & centres religieux donnent la soupe aux refugiés & demandeurs d'asyle. Pour plus d'information, voir'Services utiles'.",350,451,,,
,,,,Eat/Sleep/Bank,14,"Manger/Dormir/Banque
",21,Accommodation,13,Logement,8,13,"Some NGOs might help you find short-term solutions, like a shelter or place for the homeless. See ‘Useful Services’ for info. Ask other refugees and asylum seekers for info on accommodation. Check local newspapers for ads. Estate agents can charge a fee. Rent is paid at the beginning of the month. You might have to pay a deposit (a month’s rent) before you can move in. If possible, sign a contract with your landlord. Ask him/her what they expect of you as a tenant.",469,Certaines ONGs les hébergent.Voyez 'Services utiles/ou journaux'.Les agences immobilères vous exigent des frais de loyer à payer au début de chaque mois. On peut vous demander de payer les frais de caution d'un mois pour le loyer. Il faut signer le contract pour loyer.,269,505,,,
,,,,Eat/Sleep/Bank,14,Manger/Dormir/Banque,20,Evictions,9,Explusions,10,9,The law also protects refugees and asylum seekers from unlawful evictions. The landlord must have a court order before he can evict you. Remember: only a court can force you to leave. The landlord cannot threaten you or use force to remove you from the property. Contact the Rental Housing Tribunal on 011-630-5035 or 0800-046-873 if there’s a dispute or if you feel you’ve been unfairly treated.,396,"La loi protège les refugiés et demadeiurs d'asuyle de l'éxpulsion illégale.Le bailleur devra avoir un ordre du tribunal avant de vous expulser; sans cela, le bailleur ne peut pas vous forcer l'eviction.Contactez le Tribunal de Location des Maisons sur 011 630 5035/0800046873.En cas de dispute entre locataire et bailleur ou au cas du mauvais tratement.",353,432,,,
,,,,Eat/Sleep/Bank,14,Manger/Dormir/Banque,20,Bank problems,13,Problèmes bancairs,18,13,"It may be difficult to open a bank account in SA. Banks don’t always know the rights of refugees and asylum seekers with valid permits. They may refuse to open bank accounts. Asylum seekers can use their temporary asylum seeker permit as identification. Refugees can use their refugee permit or refugee ID. FNB, Standard Bank and Nedbank accept asylum seekers and refugees. Ask other refugees which bank in your area is refugee-friendly.",437,"Les banques ignorent parfois les droits des refugés et demandeurs d'asyle yant un permis valide.Ils peuvent refuser de vous ouvrir le compte bancaire. FNB, Standard Bank et Nedbank acceptent les permis des demandeurs d'asyle et refugiés.Renseignez-vous auprès aux autres  immigrants sur les banques qui acceptent les refugiés et demandeurs d'asyle.",348,473,,,
,,,,Eat/Sleep/Bank,14,Manger/Dormir/Banque,20,Bank account,12,Copmte bancair,14,12,"You must be 16 years or older with a valid permit or refugee ID. You must hand in a proof of residence: a rental contract, telephone bill or utility bill in your name. You need to prove your income with a payslip or affidavit. You also need a small amount of money to put in your bank account. Even if you have the right documents, the bank may decide if they want to give you an account or not. You can also ask a legal counsellor to help you open a bank account.",464,"Âgé de 16 ans ou plus avec un valide pemis.Apportez les documents exigés come preuve do votre residence, permis et l'argent pour ouvrir le compte etc.Vous pouvez avoir tous les documents; la banque aura toujours à décider s' il faudra vous ouvrir un compte ou non. Un avocat peut vous assister à ouvrir un compte.",313,500,,,
,,,,Eat/Sleep/Bank,14,Manger/Dormir/Banque,20,Other options,13,Autres options,14,13,Savings and credit co-operatives often open up bank accounts for refugees. They operate as credit unions. Credit unions are groups of people who save together and lend money to each other. They don’t operate as ordinary banks.,226,Les épargnes et coopératioves de crédit souvent ouvrent des comptes bancaires pour les refugési.Ils opèrent comme les syndicats de crédit.Ils n' opèrent pas comme des banques ordinaires. ,187,262,,,
,,,,,,,,Back,4,Retourner,9,4,,,,,,,,
,,,,,,,,,,,,103,,,,,,,,
,,,,Social Grants,13,Subventions sociales,20,About grants,12,Sur les subventions,19,12,Recognised refugees can get social assistance under certain circumstances. This doesn’t apply to asylum seekers.,112,Les réfugiés reconnus peuvent bénéficier d' une assistance sociale dans certains circumstances.Ceci ne s' applique pas pour les demandeurs d' asyle.,148,148,,,
,,,,Social Grants,13,Subventions sociales,20,Disability,10,Handicap,8,10,This is a temporary or permanent monthly grant for recognised refugees who can’t work due to a mental or physical disability. Recognised refugees who are foster parents of a disabled child under 18 can apply for a care dependency grant.,236,C' est une subvention sociale mensuelle temporaire ou permanente pour les réfugiées qui ne peuvent pas pas travailler par suite d' un handicap mentale ou physique. Les parents / gardiens réfugiés d' un enfant avec infirmité en dessous de 18 ans peuvent faire une demande de subvention des soins de dépendence.,309,272,,,
,,,,Social Grants,13,Subventions sociales,20,Foster care,11,Famille d' acceuil,18,11,Recognised refugees who are suitable foster parents can apply to the Department of Social Development for a foster care grant. Remember: a court must confirm you are a suitable foster parent. The grants are usually given for a 2 year period.,241,Parents adoptifs réfugiés peuvent faire la demande d' une subvention de famille d' acceuil au Dépt.de Developement social.Un tribunal devra confirmer que vous etes parent adoptif. La subvention est généralement pour une période de 2ans.,236,277,,,
,,,,Social Grants,13,Subventions sociales,20,Social relief,13,Assistance sociale,18,13,Social relief is limited to SA citizens and recognised refugees. You would need to apply at the nearest SASSA office where you live. Each grant requires different documents to be submitted.,189,L' assistance humanitaire est limitée au citoyens de RSA.Vous devriez faire la demande au SASSA rapproche de votre domicile.Chaque subvention exige différents documents à présenter.  ,183,225,,,
,,,,Social Grants,13,Subventions sociales,20,Applying,8,Demande,7,8,Each grant needs a specific set of documents to support your application. Visit the South Africa Social Security Agency's website (www.sassa.gov.za) or call them on 0800-60-10-11. You must apply at the SASSA office closest to your home.,236,Chaque subvention exige des différents documents à soumettre.Visitez le site internet de SASSA: www.sassa.gov.za ou appelez sur le 0800 60 1011.Aller au bureau de SASSa proche de votre domocile. ,195,272,,,
,,,,Social Grants,13,Subventions sociales,20,SASSA-EC/WC/NC,14,SASSA-EC/WC/NC,14,14,"EASTERN CAPE: BKB Building, corner of Fitzpatrick & Merino Road, Quigney; Tel: 043-707-6300; Email: GrantsEnquiriesEC@sassa.gov.za; NORTHERN CAPE: Du Toitspan Building 95-97, Du Toitspan Road, Kimberley: Tel: 053-802-4900; Email: GrantsEnquiriesNC@sassa.gov.za; WESTERN CAPE: Golden Acre, Adderley Street, Cape Town: Tel: 021-469-0200; Email: GrantsEnquiriesWC@sassa.gov.za",373,"EC: Imm. BKB, croisement des av. Fitzpatrick & Merino, Quigney; Tél: 043 707 6300; Email: GrantsEnquiriesEC@sassa.gov.za; NC: Imm. Du toitspan No95-97,AV/ DUToitspan, Kimberley Tél: 053 802 4900 Email: Grants EnquiriesNC@sassa.gov.za;WC: Golden Acre, AV/Adderly,CPT: Tél: 021 469 0200 Email: GrantsEnquiriesWC@sassa.gov.za",322,409,,,
,,,,Social Grants,13,Subventions sociales,20,SASSA-GP/FS/KZN,15,SASSA-GP/FS/KZN,15,15,"FREE STATE: African Life Building, 75 St. Andrews Street, Bloemfontein. Tel: 051-410-0804/5; Email: GrantsEnquriesFS@sassa.gov.za; GAUTENG: 28 Harrison Street, Johannesburg: Tel: 011-241-8300; Email: GrantsEnquiriesGP@sassa.gov.za; KWAZULU-NATAL: 1 Bank Street, Pietermaritzburg; Tel: 033-846-3300; Email: GrantsEnquiriesKZN@sassa.gov.za",337,"FS: Immeuble/African Life, No 75 AV/Andrews, FS,Tél: 051410080, Email: GrantsEnquiriesFS@sassa.gov.za; Gauteng: No 28  AV/Harrison,JHB,Tél: 0112418300 Email: GrantsEnquiriesGP@sassa.gov.za;KZN: No1 AV/Street, ZN; Tél; 0338463300; Email: GrantsEnquiriesKZN@sassa.gov.za",268,373,,,
,,,,Social Grants,13,Subventions sociales,20,SASSA-NW/MP/LP,14,SASSA-NW/MP/LP,14,14,"MPUMALANGA: 18 Ferreira Street, Nelspruit. Tel: 013-754-9428 Email: GrantsEnquiriesMP@sassa.gov.za NORTH WEST: Master Centre, Industrial, Mafikeng. Tel: 018-388-0060 Email: GrantsEnquiriesNW@sassa.gov.za  LIMPOPO: 43 Landros Mare, Polokwane. Tel: 015-291-7400 Email: GrantsEnquiriesLIM@sassa.gov.za  ",300,"MPUMALANGA: No 18 Av Ferreira,NLP, Tél: 013 754 9428 Email: GrantsEnquiriesMP@sassa.gov.za; NORTH WEST: Master Center,Industrial, Mafikeng. Tél: 018 388 0060 Email: GrantsEnquieriesNW@sassa.gov.za LIMPOPO: No 43 AV/Landros Mare, LP, Tél: 015 291 7400 Email: GrantsEnquiriesLIM@sassa.gov.za",289,336,,,
,,,,,,,,Back,4,Retourner,9,4,,,,,,,,
,,,,,,,,,,,,137,,,,,,,,
,,,,Safety&Relocation,17,Sécurité & Relocation,21,Xenophobia,10,Xénophobie,10,10,"Xenophobia is an irrational hatred towards foreigners or an unreasonable fear or hatred of the unfamiliar persons. If you are a victim of xenophobic attacks, you must report it to the police. Go to the police station closest to your home. You must explain in detail what happened. The police will open a case. You will get a case number. Keep it safe! If you’ve lost your document, get an affidavit from the police that explains your situation. Go to the RRO for a new permit.",476,"La victime de xénophobiequi signifie la haine contre les étrangers, devra rapporter à la police proche de son domicile et y faire un rapport bien détaillé de l' incident. La police ouvrira un dossier et vous en remettra le no. En cas de perte de votre document, faites un affidavit/déclaration à la police. Contactez la RRO pour votre nouveau permis. ",351,512,,,
,,,,Safety&Relocation,17,Sécurité & Relocation,21,Relocation,10,Relocation,10,10,"Sometimes UNHCR helps to move refugees from one place to another ('relocation'). There are 4 relocation options: resettlement, internal relocation, voluntary repatriation and family reunification. Relocation is not part of the asylum process, and only exceptional cases will be considered for recognised refugees if the UNHCR identifies the need for protection. The UNHCR will carry out a separate status interview, and their outcome can differ from the DHA’s process.",468,"Quequesfois, le HCR aide les refugiés d'aller d'un liau an un autre (relocation). Il y en a 4 options: réinstallation, relocation interne, rapatriement volontaire, le regroupement familiale. Relocation ne fait pas partie du processus d'asyle, il n'y a que les cas exceptionnels pour les refugiés reconnues comme tels par le HCR apres avoir indentifer le besoin de protection. Le HCR les intervewera pour le statut et son résultats peuvent être differents de ceux du DHA.
",471,504,,,
,,,,Safety&Relocation,17,Sécurité & Relocation,21,Resettlement,12,Réinstallation,14,12,"Resettlement is the assisted movement of a refugee and his/her nuclear family (husband/wife and children) to another country. This is only done in exceptional cases, if SA officials cannot find a safe solution for the affected refugees in SA. General SA problems like crime or xenophobia do not meet the requirements for resettlement. The UNHCR will first try to set up a durable environment for you in SA before resettlement is considered. ",441,"La réinstallation est un movement assisté d' un réfugié avec sa famille d' un pays à un autre.Ces sont des cas exceptionnels lorsque les officiers de RSA ne peuvent pas sécuriser les réfugiés affectés. les problemes generaux comme crime, xenophobie en RSA ne sont pas les criters de réinstallation. Le HCR va vous installer dans un endroit durable en RSA avant la considération de la réinstallation.",399,477,,,
,,,,Safety&Relocation,17,Sécurité & Relocation,21,Criteria,8,Critères,8,8,"If SA officials cannot find a safe solution for the affected refugees in SA, then relocation options must be considered. Ask a legal counsellor for help if you fall within one of the 4 relocation categories. SA problems like crime, xenophobia or lack of employment do not meet the requirements for resettlement. The UNHCR will first try to set up a durable environment for you in SA before resettlement is considered. ",418,"Si les officiers de RSA ne peuvent pas sécuriser les réfugiés affectés en RSA, alors l'option de la reinstallation est considérée. Demander un avocat si vous sentez dans une de ces 4 options de relocation.  Le HCR va vous installer dans un endroit durable en RSA avant procéder au réinstallation.",296,454,,,
,,,,Safety&Relocation,17,Sécurité & Relocation,21,Applying,8,Demande,7,8,"Go to the UNHCR on a Monday to make an appointment. Their consultation days are Tuesdays and Thursdays. UNHCR will assess your case to see if you qualify. If the decision is negative, they will notify you in writing. If the UNHCR decides that resettlement is necessary, they will ask a third country to review your application. If the third country is satisfied with your case, you may need to be interviewed again and go for a medical examination. The process can take 1–2 years.",480,"Veuillez prendre les rendez-vous les lundis au HCR. Ils consultent les mardis et jeudis. Le HCR votre cas pour voir si vous en etes eligibles.Le HCR vous répond par écrit si le résultat est négative.Si le HCR décide positivement sur votre demande, il consultera un 3ième pays pour revoir votre demande.Le 3ième pays vous interviewra s' il est d' accord pour votre réinstallation, on pourra vous faire l'internview au nouveau pays d'acceuil et vous irez pour un examen médical.Le procéssus peut durée 1-2 ans.",508,516,,,
,,,,Safety&Relocation,17,Sécurité & Relocation,21,SA Relocation,13,Relocation en RSA,17,13,"Internal relocation is the movement of a refugee/asylum seeker & their families within SA, for protection purposes. In exceptional situations you may be relocated for better access to the UNHCR. Internal relocation procedures are the same as resettlement. You can’t apply simply for transportation. If the UNHCR thinks you need internal relocation, they'll find you a safer location. Temporary accommodation & necessary services can be provided. The UNHCR will arrange transport.",479,"La relocation interne est un mouvement du refugié et sa famille en RSA pour la protection.Dans des cas exceptionnels vous pouvez être avoir une relocation pour avoir accès facile au HCR; le process est presque similaire au reinstallation, vous ne pouvez pas postuler simplement pour le transport. Si le HCR approuve votre demande, il vous trouve un lieu approprié. Lr HCR payera le transport, loyer et service necessaires temporaires.",434,515,,,
,,,,Safety&Relocation,17,Sécurité & Relocation,21,Repatriation,12,Rapatriement,12,12,"Voluntary repatriation is when refugees freely decide to return to their home countries. To apply, you must fill in an application form at UNHCR, LHR, Wits or UCT Law Clinics. You'll be interviewed by a legal counsellor, who must confirm that the info on your form is correct. Your form will be sent with a recommendation to the UNHCR or the IOM. They will make a decision and arrange your return. Tip: You'll lose refugee status if you leave SA through voluntary repatriation. ",478,"Le rapatriement volontaire: Une décision personnelle par un refugié / ou demandeur d'asyle de rentrer dans son pays d'origine . Prenez le formulaire de la demande  au HCR, LHR, Wits ou UCT law Clinics.Vous passerez un interview devant l'avocat qui confirmera que l'information sur le formulaire est correcte. Votre formulaire sera envoyé avec une recommandation au HCR ou IOM qui décidera et préparera votre retour.Caonseil: Vous perdez votre statut de réfugié à votre retour au pays natal.",490,514,,,
,,,,Safety&Relocation,17,Sécurité & Relocation,21,Reunification,13,Reunification,13,13,"If you lost contact with a family member during the movement between countries, you can ask for the family member to join you in SA. You may ask to join a family member in another country. Under exceptional circumstances the UNHCR can help with transportation. To apply, contact the UCT Law Clinic, LHR or Jesuit Refugee Services, who'll help you with the application. Tip: Family reunification applications must be made to the DHA at the RRO.

",445,"Vous pouvez demander à votre famille de vous rejoindre en RSA, ou de les rejoindre dans un autre pays.Dans des cas exceptionels,  le HCR peut vous assister avec le transport. UCT law clinic, LHR ou JRS, peuvent vous aider avec la demande.Conseil: La demande de la reunification familiale est faite au DHA à la RRO",313,481,,,
,,,,Safety&Relocation,17,Sécurité & Relocation,21,Trace family,12,Tracer la famille,17,12,"The SARCS, ICRC & UNHCR help trace & reunite families, and assist with child protection during the process. Red Cross can help reunite unaccompanied & separated kids, as well as the elderly/vulnerable. The Red Cross message system helps restore contact between family members if their IDs & addresses are known. Always give as much info as possible: missing person’s ID; reason for separation; last place of contact. Consult Red Cross & Red Crescent if the missing person was resettled. Finding a missing person depends on info given & the accessibility of the area they’re in. Armed conflicts/natural disasters may delay the process.",634,"The SARCS, ICRC & HCR assistent avec le tracement et réunification des familles et avec la protection des enfants lors du processus. La Croix Rouge aide à réunir les enfants non-accompagnés, sepaés et les paresonnes agées et autres. Donnez toujours assez de details sur la personne perdue, raisons de la séparation etc Consulez la Croix Rouge et Croissant Rouge pour voir si la personne est reinstallée. Retrouver la personne perdue, dépend de l' info & l' accessibilité de son emplacement.Les conflits armés/naturels at autres desastres peuvent ralentir le procéssus.",568,670,,,
,,,,,,,,Back,4,Retourner,9,4,,,,,,,,
,,,,,,,,,,,,143,,,,,,,,
,,,,LGBTI & VAWC,12,LGBT & VAWC,11,LGBTI rights,12,Droits des LGBTI ,17,12,"SA’s Constitution protects the rights of Lesbian, Gay, Bisexual and Transgender individuals (LGBTI). LGBT victims of unjust treatment must go to the police. LGBT victims of hate speech may lay a complaint with the SAHRC or approach the Equality Court for relief. ",263,La loi en  RSA protège les droits des LGBTI. Les LGBTI victimes d' un maltraitement devront contacter la police. Les victime des propos injurieux peuvent poser une plainte auprès de la SAHRC ou approcher le Tribunal de l'Egalité pour une solution.,247,299,,,
,,,,LGBTI & VAWC,12,LGBT & VAWC,11,LGBTI Safety,12,Sécurité des LGBT ,18,12,The Refugee Act states that the LGBTI group may get protection if they are persecuted for their sexual orientation. Don’t be afraid to disclose your sexual orientation when applying for asylum. The RRO must treat your claim with confidentiality. ,246,La loi sur les réfugiés déclare que les LGBTI peuvent être protégés s' ils sont persécutés pour leur orientation sexuelle. N' ayez pas peur de révéler votre orientation sexuelle lors de la demande d' asile.La RRO doit garder votre information confidentielle.,258,282,,,
,,,,LGBTI & VAWC,12,LGBT & VAWC,11,LGBTI Help,10,Assistance des LGBTI,20,10,Contact Lawyers for Human Rights (LHR) or another legal organisation if your claim isn’t treated with sensitivity and respect. www.lhr.org.za; 011-339-1960 or 012-320-2943.,172,Contactez LHR  ou une autre organisation juridique si votre déclaration de demande d'asyle n' est pas traitée avec sensitivtét.www.lhr.org.za; 011 339 1960/ 012 320 2943.  ,172,208,,,
,,,,LGBTI & VAWC,12,LGBT & VAWC,11,Abuse help,10, Assistance en cas d' abus,26,10,"Abuse is illegal in SA. Get free legal help from selected women and children’s organisations, or call the toll-free helpline on 0800-150-150 for help and counselling.",166,L'abus est illégal en RSA. Prenez l'assistance juridique gratuite des oranisations des femmes et enfatns séléctionnées; appelez sur 0800150150.Pour une assistance et conseil psyco-sociale.,188,202,,,
,,,,LGBTI & VAWC,12,LGBT & VAWC,11,Abuse Rights,12,Droits  des abusés,18,12,"Women and children have the right to live free from abuse. All types of abuse must be reported to the police. A protection order can prevent more violence. Violence can be intimidation, physical, sexual or verbal abuse, being threatened with abuse or when you lose your freedom. Abuse of women and children is illegal in SA. ",325,"Les femmes et et enfants ont droit de vivre sans abus.Tout abus doit être rapporté à la police.Une ordonnance de protection vous épargne de violence dans toutes ses formes comme l'intimidaation, abus physique, verbale ou sexuelle.L' abus des femmes et des enfants est illégal.",276,361,,,
,,,,LGBTI & VAWC,12,LGBT & VAWC,11,Report abuse,12,Rapporter un abus,17,12,"If you or your child suffer from abuse, you must report it to the police. The police will open a criminal case. You must make a statement. You’ll get a case number. An officer will investigate your case. Some police stations have special units for domestic violence, sexual offences and child protection. Go to a police station close to your home. If you don’t, your case will take longer to process. You’ll go for a medical examination and counseling. ",453,"Abusés, rapportez-le au post de police proche de vous. La  police vous ouvrira un dossier et vous en remettra le no. Un officier devra investiguer votre cas.Vous irez pour un examen médical ou counseling. Il y a des postes de polices qui ont un service reservé pour les cas d' abus de tous les genres.",301,489,,,
,,,,LGBTI & VAWC,12,LGBT & VAWC,11,Protection,10,Protection ,11,10,"If you’re afraid of more violence or feel threatened, you can go to court and get a protection order. You don’t need a lawyer. A protection order can order your abuser to stop abusing you, to stay away from you or force him/her out of your home. Documents like medical reports and photos of your injuries can help your case. Take them with you to court. With enough proof, you’ll get an interim protection order and suspended warrant of arrest. ",445,"Si vous avez peur de plus d' abus, allez au tribunal pour avoir une ordonnance de protection  contre l' abuseur  afin de stoper ses actions, d' être à 100 metres de vous ou de lui forcer de quitter votre domicile. Vous n' avez pas besoin d' un avocat. Apportez au tribunal toutes les preuves pour vous aider. Avec une preuve suffisante, on vous donnera une order de protection temporaire et un mandat d'arret suspendu.",418,481,,,
,,,,LGBTI & VAWC,12,LGBT & VAWC,11,Disobey P.O.,12,Désobéir  P.O,13,12,"If the abuser disobeys the order, you can get him/her arrested. You’ll need to go back to court a second time. Your abuser must also be there. The court will listen to your case. The court may give you a final protection order. If your abuser disobeys the order, he/she can get arrested.",287,"Si l' abuseur récidive, vous pouvez le/la faire arrêter. Présentez-vous une seconde fois au tribunal  avec votre abuseur. Le tribunal vous écoutera et pourrait vous donner une ordonnance de protection finale. Si l' abuseur désoye l' ordre, il/elle peut être arrêté.",265,323,,,
,,,,LGBTI & VAWC,12,LGBT & VAWC,11,Trafficking,11,Trafic des personnes,20,11,Human trafficking happens when people are recruited and taken to another country under a false act. They’re exploited and cannot leave. Trafficked victims are tricked with false promises of good jobs and better lives and forced to work under brutal and inhumane conditions. Human trafficking is a form of modern-day slavery. Call the International Organisation for Migration (IOM) on 0800-555-999 or go to a police station if you know of someone who has been trafficked.,470,"Le traffique d' humain: récruter les gens et les enmener dans un autre pays avec des fausses promesses. Les victimes sont exploités et ne sont pas libres de quitter. On les donne des fausses promesses comme le travail, meilleure vie etc et sont forcés de travailler dans des conditions inhumaines. Appelez l' IOM sur : 0800555999 ou contactez la police si vous connaissez un cas de pareil trafic.",396,506,,,
,,,,,,,,Back,4,Retourner,9,4,,,,,,,,
,,,,,,,,,,,,146,,,,,,,,
,,,,Statelessness,13,Apatridie,9,Statelessness,13,Cas d' apatridie,16,13,"A stateless person doesn’t have citizenship in any country. You are also at risk of being stateless if your nationality status is undecided. Not all undocumented persons are considered stateless, e.g. when your birth isn’t registered or if you don’t have a birth certificate, ID or passport. ",292,"Une personne apatride n' a pas de citoyenneté d'un pays quelconque.Vous risquez le cas d' apatridie si votre nationalité n' est pas deciée.Tous ceux qui n'ont pas de document ne sont pas tous apatrides.Ex.:Votre naisance n' est pas enregistrée, manquer de certificat de naissance, ID ou passeport.  ",299,328,,,
,,,,Statelessness,13,Apatridie,9,Risks,5,Risques,7,5,"An undocumented person risks being stateless when he/she belongs to a certain category or certain factors are present. Examples: birth outside your parents’ country of nationality; death or desertion of your parent(s); irregular migration across international borders; mixed nationality of your parents, loss of clinic cards or records; if you’re close to an international border with high cross-border movement or when the law doesn’t allow you to have dual nationality.",471,"Une personne sans document risque l' apatridie. Ex: Né dans un pays étranger, mort ou abandon par vos parents, entrée illégale dans un pays, métissage, perte de la carte de clinique ou enregistrement, vivre régulièrement à cheval entre deux pays très rapprochés ou quand la loi ne permet pas une double nationalité.",315,507,,,
,,,,Statelessness,13,Apatridie,9,Birth Regstr.,13,Enregistrement des naissances,29,13,"A birth certificate proves your place of birth and identifies your parent/s. It’s also the most important proof of your nationality. South African citizens born outside SA are entitled to a SA birth certificate. Foreign children born in SA are entitled to a birth certificate. This doesn’t mean they’re SA citizens. Children born in SA must be registered within 30 days otherwise, apply for late birth registration. Applications close in December 2015.",452,"Un certificat de naissance identifie vos origines. C'est la plus importante preuve de votre nationalité. Les sud - africains nés en déhors du pays ont droit d' avoir un cetrificat de naisance de  RSA. Les enfants étrangers nés en RSA ont droit au certificat de naissance. ce qui ne veut pas dire qu'ils ont la citoyenneté sud-africaine. Les enfants nés en RSA doivent etre enregistrés avec DHA dans les 30 jours de naissance, si non, il faut postuler pour l'enregistrement tardive. Des demandes pareilles seront fermées deuis decembre2015.",539,488,,,
,,,,Statelessness,13,Apatridie,9,Citizenship,11,Citoyenneté,11,11,"You have a claim to SA citizenship if: you were born to a parent with SA citizenship at the time of your birth; you were born in SA to a parent who was a permanent resident of SA at the time of your birth and if you lived in SA until the age of 18; you have been adopted by a SA citizen; applied for and received a certificate of naturalisation from the DHA; were born in SA and have no other citizenship or nationality, or no right to other citizenship or nationality.",469,"Vous pouvez reclamer la  nationalité sud-africaine si, vous êtes nés des parents sud-africains, nés au moment où les parents etaient résidents permanents en RSA, aussi si vous avez vécus en RSA jusqu' à l' êge de 18 ans, adoptés par les parents sud- africains,nés en RSA sans autre citoyenneté, ou pas permis d' avoir autre citoyenneté. ",337,505,,,
,,,,Statelessness,13,Apatridie,9,Legal advice,12,Conseil juridique,17,12,"If you struggle to register a birth or access nationality in your country of birth, contact LHR on 011-339-1960 or 012-320-2943 for legal advice or assisatnce.",159,"Si vous avez des difficultez pour enregistrer une naissance ou l' accès à la nationalité dans le pays ou vous êtes nés, contactez la LHR sur 011 339 1960/ 012 320 2943.Pour une l'assistance / conseil.",200,195,,,
,,,,,,,,Back,4,Retourner,9,4,,,,,,,,
,,,,,,,,,,,,82,,,,,,,,
Tips,4,Conseils,8,,,,,,,,,,,,,,,,,
,,,,,0,,,Asylum application,18,Demande d' asile,16,18,"The asylum process is hard and can include weeks of queueing. If arrested while waiting for your Section 22 permit, contact LHR for help. If a DHA official asks for a bribe, take down his/her name, physical features, the date and time. Call 0800-601-190 (toll-free) to report anonymously. No need to pay any fees. Renew your Section 22 permit before expiry or risk being arrested/detained/fined. If you use it to get back into your country, you could lose your SA refugee status.",479,"Le processus de demande d'asyle peut prendres des semains sur les lignes de DHA. Si vous êtes arretés en entandant votre permis S22, contctez LHR pour assistance. Si un officier du DHA demande un pour boire, prenez ses details et rapportez l'incident sur: 0800601190 (gratuit), soyez anonyme. Les serivices sont gratuits. Renouvellez votre permis du S22 avant son expiration si non, il ya risque d' être arrêtés / ou payer l'amende. Si vous l' utilisez pour retourner dans votre pays, vous pouvez perdre votre statut de réfugié.",528,515,,,
,,,,,0,,,Permits,7,Permis,6,7,Remember to take all original documents with you when renewing your permit. You have the right to question the fine if you think it’s wrongly given to you. Speak to a lawyer if you are worried about it. Permits aren’t renewed automatically. Renew your permit before it expires. You can get arrested if you have an expired permit. Make certified copies and give to family or keep it safe. ,388,"Apportez les documents originaux pour le renouvellement. Vous pensez les recevoir injustement; consultez un avocat au cas de besoin. Vous risquez d' être arrêtés avec un permis expiré, il faut les renouveler avant l'expiration. On peut vous arreter avec un permis expiré. Faites des copies certifées et remettez les à votre famille pour les garder jalousement. ",361,424,,,
,,,,,0,,,Support,7,Soutien,7,7,"Always ask about a lawyer’s fees before you accept their services. Always ensure your lawyer has the right qualifications. If you’re unsure, contact the Law Society of SA on 012-366-8800. Always carry your valid permit or a certified copy with you – this is proof that you are allowed to stay in SA. Renew your permit on time! If you go to a magistrate’s court, you can ask for ‘legal aid’. You will be able to speak to a lawyer for free.",438,"Demandez toujours d'abord les frais de l'avocat avant d'accepter ses services.  Rassurez-vous de l'authenticité des qualifications de l'avocat.Pour vérifier, veuillez contacterer La Société Juridique Sud-Africaine sur: 012 366 8800.   Prenez sur vous toujours votre permis valide ou une copie certifiée, c'est une preuve de votre permission de vivre en RSAe. Renouvelez vos permis à temps! Traduits en justice; demandez un avocat gratuit ",438,474,,,
,,,,,0,,,Right to work,13,Droit de travailler,19,13,Your S22 or S24 permit allows you to work. You do not need an additional work permit.,85,Votre permis S22 et S24 vous permet de travailler.Vous n' avez pas besoin d' un autre permis supplémentaire.,108,121,,,
,,,,,0,,,Health,6,Santé,5,6,"Feeling ill? Go to a clinic close to your house first. You will get a letter for a hospital if they can’t help you. If there’s an emergency, go straight to hospital. You cannot get HIV through casual contact, like working together, kissing a friend, sharing the same bathroom or kitchen. Contact LoveLife on 0800-121-900; AIDS Helpline on 0800-01-23-22; or AIDS Hotline on 0800-11-06-05 for more info or help. ",410,"Malade? Allez dans une clinique proche de vous. On vous recommandera dans une hôpital en cas de necessité,si urgent, allez directement dans une hôpital. Vous n' êtes pas inféctés par le VIH par un contact ordinnaire ex.: Embrasser un ami. Numéro de contact:Lovelife: 0800121900; AIDS: assistance en ligne: 0800012322/ 0800110605. ",330,446,,,
,,,,,0,,,Education,9,Education,9,9,Age groups in schools are flexible. A child may be older than their school friends due to unplanned situations. In most SA government schools a student cannot be more than 2 years older than their grade’s age group. You shouldn’t pay a registration fee at the school. The public school can’t ask your child to leave if you can’t pay.,333,"Les groupes d' âge dans des écoles sont fléxibles.Un enfant peut être plus âgé que ses camarades de classe à cause des situations imprévues.Dans la plupart des écoles publiques en RSA, un enfant ne peut pas être plus âgé  de 2 ans par rapport à l' age du groupe.Vous ne devriez pas payer les frais d'inscrition a l'ecole. Les écoles publiques ne peuvent pas renvoyer votre enfant pour ne pas payer le minerval.",410,369,,,
,,,,,0,,,Safety,6,Sécurité,8,6,"Resettlement is possible in exceptional cases, but not an option for many refugees with SA refugee status. It can take more than a year. You’ll lose your refugee status when you leave SA through voluntary repatriation. It must be safe for you to return to your country. Family reunification applications must be made to the DHA at the RRO. Only the DHA considers family reunification for refugees.",397,"La réinstallation est possible dans des cas exceptionnels, mais n' est pas une option pour beacoup des réfugiés qui ont un permis S24 en RSA. Ça peut prendre plus d' une année. Vous perdrez votre statut de réfugié lorsque vous décidez volontairement de rentrer dans votre pays d'origine. Les demandes du réunification famililate se font à  DHA du RRO. Seuls les refugiés avec ss24 peuvent postuler.",398,433,,,
,,,,,,,,Back,4,Retourner,9,4,,,,,,,,
Services Near Me,16,Services proches de moi,23,,,,,,,,,102,,,,,,,,
,,,,,,,,,,,,,,,,,,,,
About/ T&Cs,16,À propos des/T & Cs,19,,,,,,,,,,,,,,,,,
,,,,Read T&Cs,9,Lire les T & Cs,15,Guide,5,Guide,5,5,This mobile info system is only a guide. It isn’t the same as complete legal advice. Users should contact a law clinic for complex issues. LHR will not be liable for any loss from actions taken as a result of this service. ,223,Cette info mobile n' est qu'un guide. Ce n'est pas un conseil juridique complet.Les utilisateurs devront contacter une clinique juridique pour les problèmes compliqués.LHR ne sera pas responsble  de toute perte causée l'action prise  à la suite de ce service. ,260,259,,,
,,,,Read T&Cs,9,Lire les T & Cs,15,Confidential,12,Confidentiel,12,12,Your registration and personal details are confidential and safe. These details will only be used when you’ve made a follow up request or report to Lawyers for Human Rights. ,174,Votre enregistrement et information personnel est confidentiel et sécurisé.On utilisera seuleument ces détails lorsque vous faites une demande de suivi ou si vous rapportez au bureau de LHR.,190,210,,,
,,,,Read T&Cs,9,Lire les T & Cs,15,Costs,5,Coûts,5,5,"The registration for this service is free, as is the actual mobile application. You will only be charged according to USSD data fees per their usage. ",150,L' enregistrement pour ce service est gratuite juste comme toute autre application sur le mobile. Ça compte selon que vous consommez les frais des données de USSD .,164,186,,,
,,,,Read T&Cs,9,Lire les T & Cs,15,Termination,11,Terminer,8,11,"This service is brought to you by Lawyers for Human Rights, and LHR reserves the right to terminate the usage of this service if you or any user is deemed to be abusing it. ",173,"Ce service vous est offert par les Avocats des Droits de l'Home/LHR, et LHR se réserve le droit d' annuler ce service si vous ou autre utilisateur est jugé abusant du service.",175,209,,,
,,,,,,,,Back,4,Retourner,9,4,,,,,,,,
,,,,,,,,,,,,57,,,,,,,,
,,,,About LHR,9,À propos de LHR,15,What is LHR?,12,Qu' entendez-vous par LHR,25,12,"Lawyers for Human Rights is a NGO. We aim to promote awareness, protection and enforcement of legal and human rights. Our services are free of charge subject to the means test.",176,"LHR est une ONG.Notre objectif est de  promouvoir la sensibilisation, protection et renforcement de la justice et les droits de 'home. Nos services sont gratuits sous réserve des critères de ressources.  ",204,212,,,
,,,,About LHR,9,À propos de LHR,15,Contact LHR,11,Contecter  LHR,14,11,"Should you require more information or assistance, please visit www.lhr.org.za or call Lawyers for Human Rights on 011-339-1960 or 012-320-2943 or 031 301 0531.",160,"Voudriez-vous avoir plus d' information ou assistance, Veuillez voir sur www.lhr.org.za ou contactez les avocats des droits  de LHR sur 011-339-1960 ou 012-320-2943 ou 031 301 0531. ",182,196,,,
,,,,,,,,Back,4,Retourner,9,4,,,,,,,,
,,,,,,,,,,,,39,,,,,,,,
Change settings,15,Changez les paramettres,23,,,,,,,,,,,,,,,,,
,113,,,,,,,,,,,,,,,,,,,
