English Content,Character Count,Translation,Character Count,English Content,Character Count,Translation,Character Count,English Content,Character Count,Translation,Character Count,Chr,English Content,Chr Count for SMS,Translation,Character Count,Chr Count for USSD Screens,,,
,,,,,,,,,,,,,Exit Screen,,,,,,,
Select an Option:,17,dooro qaybta:,13,Select an Option:,,dooro qaybta:,13,,,,,159,Your SMS will be sent to you shortly. Don't forget to dial back in to *120*8864*1538# to find all the info you need about applying for asylum and living in SA.,,"waxad mardhow helidoontaa fariinta SMSka, fadlan xusuusnaw inaad markale booqato adeega *120*8864*1538# siaad uhesho macluumaad kusaabsan xuqauuqda iyo xaqa magangalyodoonka ",174,,,,
Step 1: Applying for Asylum,27,,0,Applying for Asylum,19,codsiga warqada qaxootiga,25,,,,,,,,,,,,,
,,,,When/where to apply,19,goorma iyo xagee ayaad ka codsatay,34,Apply at RRO,12,xafiiska qaabilida qaxootiga ,29,12,"Apply immediately after you arrive by visiting a Refugee Reception Office (RRO). If an officer questions you before that, you must say you are going to apply.",158,si dagdaga u codso kadib markaad so gasho wadanka booqo xafiiska qabilada qaxootiga  hadii lagu waydiiyo su al sheg in adrabto qabilad,134,194,Key for Chr Count for SMSs,Key for Chr Count for USSD Screens (- character count calculation includes navigation which totals 36 characters max),Answer Navigation (36 characters)
,,,,When/where to apply,19,goorma iyo xagee ayaad ka codsatay,34,Durban,6,Durban,6,6,"Your nearest Refugee Reception Office (RRO) in Durban is situated at 132 Moore Street, Durban. Call them on 031-362-1205 or fax on 031-362-1220.
",145,xafiika kuugu dhaw qabilada q xootiga darban 132moore wada darban wac 0313621205 ama fakiska0313621220,102,181,1 SMS (<160 characters),"1 Screen (<180 characters) Too few characters, Back navigation won't show. ","1. Next
2. Back
3. Send to me by SMS"
,,,,When/where to apply,19,goorma iyo xagee ayaad ka codsatay,34,Musina,6,muusinaa,8,6,"Your nearest Refugee Reception Office (RRO) in Musina is situated at 8 Harold Street (next to the post office). Tel: 015-534-5300; Fax: 015-534-5332. 

",152,xafiika kuugu dhaw qabilada q xootiga musina 8 hooladh wadada gurga ku xiga boosta 0155345300 fakiskuna 0155345332,114,188,2 SMSs (161-319 charaters),2 Screens (181-360 charaters),
,,,,When/where to apply,19,goorma iyo xagee ayaad ka codsatay,34,Pretoria ,9,biritooriya,11,9,"Your nearest Refugee Reception Office (RRO) in Pretoria West is in Marabastad, corner of E’skia Mphahlele & Struben St. Tel: 012-327-3515; Fax: 012-327-5782. ",158,xafiiska kuugu dhaw qabilaada qaxootiga  biritoorya westi waa maraba istaadh geeska ttelfonka0123273515 fakiska123275782,120,194,3 SMS (321 - 480 characters),3 Screens (361-540 characters),
,,,,When/where to apply,19,goorma iyo xagee ayaad ka codsatay,34,Pretoria West,13,biritoorya westi,16,13,"Your nearest Refugee Reception Office (TIRRO) in Pretoria West is at 203 Soutter St, Pretoria Showgrounds. Tel: 012-306-0800 or 012-306-0806; Fax: 086-579-7823.",160,xafiiska kuugu dhaw qabilaada qaxootiga  biritoorya westi waa sowter wadada maa shaw garoonka telka 0123060800 ama 3060806 fakiska0865797823,140,196,4+ SMS (481+ chr),4+ Screens (541+ chr),
,,,,When/where to apply,19,goorma iyo xagee ayaad ka codsatay,34,Cape Town,9,keebtawn,8,9,"RRO Cape Town: 142 Voortrekker Road, Maitland. Tel: 021-514-8414 Fax: 021-514-8403. No new applications, only renewals of existing asylum seekers.",146,xafiiska kuugu dhaw qabilaada qaxootiga kebtown 142 foootarka wadada milandhi telka0215148414 fakiska215148403 majirto codsi kibtown lkn waa cusboonaysiin kaliya,161,182,,,
,,,,,,,,Back,4,kanoqo ,7,4,,,,,,,,
,,,,,,,,,,,,87,,,,,,,,
,,,,,,,,,,,,,,,,,,,,
,,,,The Process,11,dhaqaajinta adeega,18,Your Duties,11,waa jibaadkaga,14,11,"Asylum seekers and refugees are protected by SA’s Constitution when they obey the law and accept the asylum seekers' duties. It’s your duty to go to the RRO when you arrive in SA and truthfully explain why you want asylum. It’s your duty to obey the law. If you commit a crime in SA you will be prosecuted like any other South African. Peace is your right and duty. If you assist in armed attacks against your country, you may lose your refugee status and go to jail.",467,"magangayodoonka waxaa difaacaya sh/k/a waxaana lagaarabaa inaad qaadato sharciga qaxootiga markaad timaado k/a, hadii aad wadanka danbi kagasho waxaa lagugu qaadi sh/k/a, sidaasi silamid ah hadii aad taageero umuujiso kooxo qaswadayaal ah oo wadankaagii kadagaalamaya waxaad waynaysaa sh/qaxootiga waxaadna mudankartaa xabsi",324,503,,,
,,,,The Process,11,dhaqaajinta adeega,18,Eligibility,11,xaq u yeelashada,16,11,"Fill out the eligibility form. Answer honestly. You will be interviewed later so give as much detail of your true story. Bring with you all documents that show who you are and where you come from. Copies will be made so you keep the originals. After fingerprints are taken, a case number and file number will be given. Write down these important numbers.",354,buxi foomka xaq u lahaanshaha si fiican uga jawaab su alaha lagu waydiinayo tusna dhamaan waraqaha ad wadato kana run sheeg taarikhdad xaqiijina koobiyada kaydina kuwa asalka ah marka lagaa qado faraha waxay ku siinayaan fayl lanbar iyo kiis lanbar e xifdi wa kuu muhiime lanbaraase,282,390,,,
,,,,The Process,11,dhaqaajinta adeega,18,Free to Apply,13,codsi si xor ah,15,13,"Don’t pay anyone – no officials, no security guards. The process is free. Fight corruption. Tip: If a DHA official asks for a bribe, get his/her name. Note down the official’s physical features, as well as the date and time of the incident. Tip: There is no need to pay fees. Call the DHA’s toll-free hotline on 0800-601-190 to report corruption. You will remain anonymous. ",374,hana bixin wax lacag ah sida waardiga ama shaqalaha ba waxan waa bilaash adana xaq u leh LOMANA OGALA MUSUQ TALO hadii ay kuwaydiiyaan waxda sharciyada wax laalush ah hubi meesha wakhtiga  talo wac0800601190 si aad u war galiso musuqa waana kuu qarsoodi,253,410,,,
,,,,The Process,11,dhaqaajinta adeega,18,Permit,6,deganasho,9,6,"You will get a Section 22 permit (Asylum-seeker permit) when you apply. It's proof you've applied. You're not a refugee yet. Your permit lets you work or study in SA. Check the permit conditions or ask. Know if it’s valid for 1 month or 3. Make a copy of the permit. Always carry it with you. Keep renewing it before it expires. A decision can take months or years. Tip: If you don’t renew your Section 22 permit before expiry, you could be arrested/detained/fined.",465,Waxaad helaysaa qaybta 22 aadmarkaad codsato. Waxayna cadaynayaan in aad codsatay ma tihid qaxooti ilaa laguu bilaabo dagananshaha ama shaqada SA. Hubso inaytahe 1 ama 3 bilood. Waado markasto. Markey dacdho cusboneysii. Goanka waxuu bilo ama sanad. Hadaa cusbonesin wa xabsi.,276,501,,,
,,,,The Process,11,dhaqaajinta adeega ,19,Interview,9,wax waydiin,11,9,"You'll be interviewed when you apply for asylum. Expect questions about you and your country. You may bring a legal representative or interpreter. Your representative can only observe. You can also bring witnesses, affidavits or other evidence to help. You will get a decision on the day or later. Get your permit stamped before you leave. Married couples must both be interviewed if applying together. Name your wife or children in another country to add them to your file.",474,sharciyo yaqaanada gaarka ah waxay kaa caawinayaan rafcanka.waxa sutagaal inad bixiso qarash.ama laxariir LHR wey kucawinayan. urarka garyaqanada SA. kutakhasusay sharciga qaxotiga. kafirso markasta ad qabsenso qarashka. garyaqnka waino leyahy shadaho.kala xariir halkan 0123668800,281,510,,,
,,,,The Process,11,dhaqaajinta adeega,18,Interpretation,14,fasiraada,9,14,"If you don’t speak a language of SA well enough to explain your claim, you need an interpreter. If DHA doesn't provide one, you must acquire and pay for your own. Get a person you trust to translate word-for-word; not one who’ll make up a story to get you refugee status. Speak slowly and ask to have your statements read back to you. Ask the official to write down any changes made. Sign the form. Your legal help, a testifying witness or a compatriot can't interpret for you.",477,hadii adan fahmayn luuqada lagag hadlo SA.Waxad u bahantahe turjuman. DHA hada weyso turjuman wainad la imato kada.wa ino noqdo qoof ku kalsontahay. ma ahan iska shega war aad kuhesho sharci.u hadaal si tartiib aah. weydiyi qofka sharicga kusinaya wax kasta.saxiix hadi ad ku qanacsanen,286,513,,,
,,,,The Process,11,dhaqaajinta adeega,18,Free Legal,10,si xor ah sharcigana wafaqsan,29,10,Some university law clinics and human rights organisations offer free legal advice to asylum seekers and refugees. The UNHCR has legal counsellors specialising in refugee law in 5 SA cities. See ‘Useful Services’ for more info. Legal counsellors can advise on your asylum application or help you with an appeal if your asylum application has been rejected. Counsellors can only give you legal advice. They don’t provide accommodation or food. See Social Services for more info.,477,jaamacadaha sharciyada.kiliinigyada.hayada xuquuda .ururada waxay dalbaan waano bilaash ah sharcigan khusaysa magan galyo doonka iyo qaxootiga  hayada qaxootiga aduunka waxay fidisaa adeeg sharciya akhbar badan laxidhidh waxda  qabilada mana bixiyaan cunto ama daryeel bulsho akhbaar badan ka helo waxda adega bulshada,318,513,,,
,,,,The Process,11,dhaqaajinta adeega,18,About Lawyers,13,arimaha khuseeya sharciyada,27,13,"Private attorneys can help with your asylum application, appeal or SCRA review. You may need to pay for these services. Or contact LHR – they may be able to help or refer you. The Law Society of South Africa has a list of attorneys with experience in refugee law – See ‘Useful Services’. Tip: Always ask about a lawyer’s fees before you accept their services. Make sure your lawyer has the right qualifications. To check, contact the Law Society of SA on 012-366-8800.",468,sharciyo yaqaanada gaarka ah waxay kaa caawinayaan rafcanka.waxa sutagaal inad bixiso qarash.ama laxariir LHR wey kucawinayan. urarka garyaqanada SA. kutakhasusay sharciga qaxotiga. kafirso markasta ad qabsenso qarashka. garyaqnka waino leyahy shadaho.kala xariir halkan 0123668800,281,504,,,
,,,,,,,,Back,4,noqo,4,4,,,,,,,,
,,,,,,,,,,,,127,,,,,,,,
,,,,Appl. Results,13,najiidad codsiga,16,Successful,10,guusha,6,10,"If your application is approved, you’ll get a Section 24 permit (refugee status). Your permit is valid for 2 to 4 years. You must renew it at your RRO before it expires. Refugees can apply for a refugee ID (maroon ‘ID’) and travel documents. It may take time. Only apply for travel documents if you have a refugee ID. If you don’t, and must travel for an emergency, contact UNHCR. Tip: If you travel back to your country, you could lose your refugee status in SA.",463,hadii aad xaqiijisay codsigaaga waxaad u gubaysa qaybta 24 aad si aad u hesho warqada daganasha aha  warqada degan.. waxay shaqaynaysaa 2ilaa 4 sano kolkay dhacdo wa in aad cusboonaysiiso x.q.qaxootiga  ,203,499,,,
,,,,Appl. Results,13,najiidad codsiga,16,Unsuccessful,12,guul darada,11,12,"If a RRO rejects your application, you’re not recognised as a refugee. You have 30 days to give a notice of appeal, otherwise you must document your stay in another way or leave SA. The reason for rejection affects your appeal. If your application. was fraudulent or abusive, the Standing Committee of Refugee Affairs will review it. You have 14 days to give them a written statement on why you disagree, at the RRO that issued the rejection letter. Ask a LHR counsellor for help.",480,"Hadii RRO ay didhan odsi gaaga, malagu aqonsaan karo qaxoti aahan. Waxad ledahe 30 malimold, hadii an ahen waad in ad kabaxdaa wadanka SA. Sababta sharciga kuu diday. Hadii qodsigaga been bur ahaa Standing Committe of Refugee Affairs wey firinaya. Waxaad ledehe 14 malimo in ad didmaha. LHR weydi.",297,516,,,
,,,,Appl. Results,13,najiidad codsiga,16,Appealing,9,racfaanka,9,9,"Private attorneys can help with your asylum application, appeal or SCRA review. You may need to pay for these services. Or contact LHR – they may be able to help or refer you. The Law Society of South Africa has a list of attorneys with experience in refugee law – See ‘Useful Services’. Tip: Always ask about a lawyer’s fees before you accept their services. Make sure your lawyer has the right qualifications. To check, contact the Law Society of SA on 012-366-8800.",468,Sharciyaqanada gaarka ha waxay ka  cawin karaan codsigaga sharci iyo racfaanka iyo wax kle. Hadaba waxaan u malaynyaa in ad adigu bixinaysid ama wac sharci yaqanada .Ayada xuquuqda adamaha waxa  gal ah in ay ku caawin karan talo waydii. Hubi sharciyaqaanka ad rabtoin uu tayo leeyahay si ad u hubiso wac 012-366-8800,316,504,,,
,,,,,,,,Back,4,noqo,4,4,,,,,,,,
,,,,,,,,,,,,51,,,,,,,,
,,,,Your Rights,11,xuquuqdada,10,Asylum,6,magan galayada,14,6,It’s your right: to have your asylum application processed and decided upon in a fair and transparent way; not to be deported to your country of origin; or be prosecuted for unlawful entry or your presence in SA while your application is awaiting a decision.,258,waxad xaq u ledahy in ad hesho war qada magan galyada sii wad raadinteeda  ha noqon mid a masaafuriyo laguna celiyo wadankiisa hana noqon mid loo isticmalo wado sharci daro ah noqo mid sii joogi karak africa ilaa inta codsigagu yahay sugitaan,242,294,,,
,,,,Your Rights,11,xuquuqdada,10,Work,4,shaqada,7,4,Every refugee or asylum seeker with a valid permit has the right to work in SA. You can be employed or run your own business. You don't need an extra work visa.,160,qofka kasta oo qaxootiya waxuu xaq u leeyahay sii joogitaanka k africa ilaa inta sharcigiisu ka shaynayo umana baahnid dal kugal dheerad ah,139,196,,,
,,,,Your Rights,11,xuquuqdada,10,Health,6,cafimaadka,10,6,You have the right to basic health and reproductive health care services in SA. You cannot be refused emergency medical treatment. Hospital workers don’t always know the rights of refugees and asylum seekers with valid permits. You can contact Lawyers for Human Rights if you have a problem accessing public health services.,324,"waxaad xaq uleedahay inaad hesho adeeg caafimaad waxaana reeban in laguu diido adeega caafimaad ee degdega ah, xusuusnaw dhamaan shaqaalaha goobaha caafimaadka iyo dhakhaatiirtu mayaqaanaan xuquuqda qaxootiga iyo magangalyo doonka haysta sharciyada saxda ah , markaa lasoo xidhiidh qareenada xuquul insaanka.",308,360,,,
,,,,Your Rights,11,xuquuqdada,10,Education,9,waxbarashada,12,9,Everyone has the right to basic education in SA. You must have a valid study permit to study in SA. Are you in the country on another valid permit? Check first if your permit allows you to study in SA. Some conditions might apply.,230,qofkataa waxuu xaq u leeyahay helida wax barsho k.afrika hayso nadamka sharci shaqaynaya hubi in uu kuu ogolaanayo in aad sii wadato hadi yna wax kaa khaldaayn waad sii wadan kartaa,181,266,,,
,,,,Your Rights,11,xuquuqdada,10,Food &Housing,13,cuntda iyo guriga,17,13,"You have a right to food, water & housing. Organisations offer limited help but you’ll have to support yourself soon afterwards. See ‘Useful Services’ for religious establishments that can help. 

You must look after your social & economic needs. SA Gov, NGOs & UNHCR only help special cases. UNHCR has a limited role in SA (with no camp) & can’t provide for all needs. Along with NGOs, they give limited help in cities with RROs & only for the most vulnerable (moms & kids who’ve been in SA under 2 months, single men with special needs, the ill & disabled). Help can include food & basic housing up to 3 months. Most refugee communities offer little material help, but can offer support. You can access public services like healthcare & education.",749,waxaad xaq u leedahay helida cunto biyo hayada guryaynta iyo dalab xadidan si laguu cawiyo lkn waan in aad aftada cawiso kadib wad arki adeega sida deemaha oo kle iwm waain aadfiiriso bulshada dhaqaalaha ay u bahan yihiin dawlaada k afrika iyo hayada ha aan dawliga ahayn maa h.q.aduunka  waxay caawiyaan kiisas gara ah waxaana xadada ya sharciga k.afrika sabtu  ma jirto xero lamana cawin karo dhaman bahida jirta gud ahanba hayada ha aan dawliga ahayn waxayna bixiyaan adeeg xadadan x.qabilda q. waxayna cawiyaan hoyada ilmaha dhalan in ayar2 bilood nin kaligii ah kas oo xanuunsanaya ama laxaad la aana waxana laga caawiya sida cuntada iyo qalab  wan suurta gal in aan si guud ucawino adega bulshada,702,785,,,
,,,,Your Rights,11,xuquuqdada,10,Eviction,8,guri ka saarida,15,8,The law protects refugees and asylum seekers from unlawful evictions. The landlord must have a court order before he can evict you. Remember: only a court can force you to leave. The landlord cannot threaten you or use force to remove you from the property. Contact the Rental Housing Tribunal on 011-630-5035 or 0800-046-873 if there’s a dispute or if you feel you’ve been unfairly treated.,391,Sharciga difaacaya qaxootiga  ama magan galyo doonka. Mamulka guriga waa in u ladadha sharci.O gow maxkamada maku qasboso. Mamulka maku qasbi karo inad guri geda katagtit. Waac tribuna kiradha guriga 011-630-5035 ama 0800-046-873 hadii ad umaleynaeyso xaaf daro ina laguguheysto.,279,427,,,
,,,,Your Rights,11,xuquuqdada,10,LGBTI,5,arimha guurka iyo galmada,25,5,"SA’s constitution protects the rights of Lesbian, Gay, Bisexual & Transgender Individuals (LGBTI). LGBT victims must report crimes to the police. LGBT victims of hate speech can lay a complaint with the SAHRC. Ask for legal assistance if you’re struggling to lodge your claim. Go to the contact list for more info. For LGBTI support in Johannesburg: call GALA on 011-717-4239. Or in Pretoria: call Out Wellbeing on 012-430-3272. In Durban: call Gay & Lesbian Network 033-342-6165.",480,SA waxy difaacday dhamaan sida galmada jinsiga. Isku midka ah sharciyan  ama waxa loo soo gabiyo(lgbti).Hadaba hadad tahay dhibane wac waaxda wargalinta danbiyada sida nacayka hadal wax joohaanisbeg gala 0117174239 ama biritoorya wac wibegi0124303272 ama darban wac kkanisinta ama isku xidhka0333426165,302,516,,,
,,,,Your Rights,11,xuquuqdada,10,Abuse,5,xadgudubka,10,5,"Women and children have the right to live free from abuse. All types of abuse must be reported to the police. Remember: a protection order can prevent more violence. Violence can mean intimidation, physical, sexual or verbal abuse, being threatened with abuse or when you lose your freedom. Abuse of women and children is illegal in SA. Get free legal help from women and children’s organisations or call the toll-free helpline on 0800-150-150 for help and counselling.",469,"Haweenku iyo ciyaalka waxy xaq uleeyihiin in ay ku nooladan xor. Hadey jirto xaad gudub daan bolisa usheg. Xadgudub wa handaada jirka,galamada, xagudub waxey dici kartaa marka aad hor weyso. Xadgudub wa sharci daraada ah SA. Cawis oo dumarka iyo carurta wa uruka waac 0800-150-150- tagero iyo talabixin.",303,505,,,
,,,,,,,,Back,4,kanoqo,6,4,,,,,,,,
,,,,,,,,,,,,96,,,,,,,,
,,,,Arrest,6,xidhtanka,9,Arrest,6,xidhitaanka,11,6,"Valid permit holders are safe from arrest unless they break the law. Police or immigration officials may request your permit to prove your stay is legal, or you may be arrested/detained. If you're arrested, you must prove that you're allowed to be in SA. You will go to a police station until the DHA verifies your identity within 48 hours. Never bribe an officer to avoid being arrested or to get out of jail – it's illegal! Tip: Always carry your permit or certified copy. ",475,Kuwa haysta shaqaynaya waxay ka xabsi hadii ayna jabin. Booliska ama sharciyada ku waydiin karaan sharcigaga si ay u hubiyaan. Hadii lagu xidho ama hayo xabsi hubi in laguu ogolaaday SA. Ad  waxba  waa in ay hubiyaan. Xabsiga ku jiri kartaa 48 saac kaliya  mana bixin kartid wax ah m wado ama koobi shanbad bolis leh.,317,511,,,
,,,,Arrest,6,xidhtanka,9,What to do,10,waxa la sameeyo,15,10,"There are legal ways out of your arrest. It may take time. Ask to speak to a lawyer. It is your right. If you are arrested and have a valid visa, ask a friend or family to give copies of your valid documents to the DHA. Remember: You have the right to get legal representation if you are arrested. Tip: If you go to a magistrate’s court, you can ask for ‘legal aid’. You will be able to speak to a lawyer for free. ",415,Waxaa jirta wadooyin oo laguu xidhi karo. Adiga ka yimid sharcigaga in la wahti ayay qaadan. Hada la sharci yaqaankaga ama sxbkaga ama qoyska si ay kugu kobiga. Waxa saxda ah xaq u leedahay in ad hesho matala hadii lagu xidho talo lagu geeyo maxkamada waxaad codsan kartaa caawin si uu kugudoodo lcag la aan.,308,451,,,
,,,,Arrest,6,xidhtanka,9,Conditions,10,xaalada,7,10,"The DHA officer should verify your documents within 48 hours. It's your duty to carry your permit on you. You have a free phone call to call your friend for a copy of your permit. You can make a statement to DHA that you disagree with the decision to detain or deport you. You can only be detained for 30 days unless a court extends your detention. When the court makes its decision, you must be informed of this in writing, you can gives reasons why you don't agree.",467,"Waxada waxay xaqiijin karaan 48 saac in aad wadato sharcigaag.  Wajibkaaga hada haday wac sxbkaga ama qoyskaga waxanad ku diidi karta sharciyada in lagugu hayo, xabsiga ama lagu maxkamadu waxay  mudad lagugu haynayo xabsiga waxaanad u cadaynka karta sabta adan u rabin.",269,503,,,
,,,,Arrest,6,xidhtanka,9,Deportation,11,masaafurinta,12,11,"If you are taken to the Deportation Centre, you may contact a lawyer for legal advice. Lawyers for Human Rights visits the centre every week. Ask your family to notify LHR about your situation and that you need help. If you don’t have legitimate reasons to stay in SA with the necessary documents, you’ll be kept at the centre and deported back home. Contact Lawyers for Human Rights if your conditions of detention are unsafe or violate your dignity.",451,"Hadii lagu geeyo xarunta masaafurinta, waxaad soo waci kartaa talo muhim ah. Xuquuqda adaman soo isbuuc kasta ha. Hubiyan xalada iyo wax ku caawiyo hadii ayna kuu ahayn, wado sharci ood ku sii joogto waii diwaan ka  kuna noqo gurigaga. Wac hadii meesha masaafurinta  amaan ahayan ama  ka jiro ama sharaftada.",308,487,,,
,,,,,,,,Back,4,kanoqo,6,4,,,,,,,,
,,,,,,,,,,,,61,,,,,,,,
,,,,Children,8,caruurta,8,Accompanied,11,weheliyay,9,11,"If a child enters SA in the care of a relative who's not a parent, the caregiver must go to the Children’s Court and apply to be legal guardian. Refugee status is given to children/dependants when the head of the family/household’s application is approved. A child’s case may be stronger than the parents' – if so, submit an independent application for asylum. A legal representative, parent or legal guardian must always accompany a child asylum seeker at his/her interviews.",476,"Hadii ilmo uu soogalo wadanka kuwo aan lahayn waalid caawiya  waa in ay aadid maxkamada ciyaalka kana codso difaac waxay ku siinayaa warqad sharciya. Qofka masuulka ah arintaas codsado waa muhim, kadib waxy gudbinayaan codsi magan galyo qofka masuulka ah wa in uu lasocdo ilmaha yar isagu ama iyadu.",299,512,,,
,,,,Children,8,caruurta,8,Unaccompanied,13,aan wehelinin,13,13,A child asylum seeker is unaccompanied when there isn’t a person present whose main responsibility is to take care of the child. Children who were separated from their parents before or during the flight from their country are also ‘unaccompanied’ children. ,258,ciyaalka markan cidi la socon waxa masuuliyada qadanya waxda ilaalinta ciyaalka ama ciyaalka gaarka ka ah waalidka ama kuwa sida gaarka ah uga soo caray wadankoodi ama goobta dagaaka waa lamid,192,294,,,
,,,,Children,8,caruurta,8,Documentation,13,diwaanka,8,13,"Children seeking asylum without a parent/guardian must be referred to the Dept. of Social Development, where a social worker will be assigned to the case. The social worker must work with the DHA to help the child with the asylum application at a RRO. The social worker must also investigate the child's case & give a report. If the child doesn’t have an asylum claim, a legal counsellor must be contacted. Important: children must be documented or they risk becoming stateless.",478,"Ima codsanaya magan galyada iyaga oon la socon walid, waxay la xidhiidhi arimah bulsha iyo kadib waxaa qiimayn kiiska adeega.Waaxda sharciyada ka caawinaysaa codsiga, sharciga. Qabilada waaxda adeega bulshad waa in ay baadho ilmaha. Hadii ilmuhu codsan wa in la wargaliyo waana muhiim ilmu haysto.",297,514,,,
,,,,,,,,Back,4,kanoqo,6,4,,,,,,,,
,,,,,,,,,,,,57,,,,,,,,
,,,,Helplines,9,khadadka,8,Contact Numbers,15,lanbarka la wacayo,18,15,DHA: 0800-60-11-90; UNHCR: 012-338-5302; Be Court Wise: 083-229-9440; LifeLine Counselling: 0861-322-322; Corruption: 0800-701-701; CCMA: 0861-16-16-16; Abuse: 0800-150-150 or 012-348-1234 or 011-838-0411; Childline: 0800-055-555; AIDS: 0800-012-322 or 0800110605; LoveLife: 0800-121-900.,288,DHA 0800-60-11-90; UNHCR: 012-338-5302; Be Court Wise: 083-229-99440;LifeLine Counselling: 0861-322-322; Masuqmasuq: 0800-701-701; CCMA: 0861-16-16-16; Xadgudbin 0800-150-150 ama 012-348-1234 ama 011-838-0411; Ilmaha 0800-055-55; AIDS: 0800-012-322 ama 0800110605; Chacel 0800-121-900.,285,324,,,
,,,,,,,,Back,4,kanoqo,6,4,,,,,,,,
,,,,,,,,,,,,27,,,,,,,,
,,,,2: Life in SA,13,noolosha k/afrika,,,,,,,,,,,,,,
,,,,,,,,,,,,,,,,,,,,
,,,,,399,,,,,,,,,,,,,,,
,,,,,,,,,,,,,,,,,,,,
Step 2: Life in SA,18,,0,Life in SA,10,nolosha k afrika,16,,,,,,,,,,,,,
,,,,Permit Renewal,14,cusboonaysiinta daganashaha,27,Renewal,7,dib u cusboonaysiin,19,7,Renew your Section 22 asylum permit at your RRO office before it expires. Some RRO offices have a separate queue for renewals. Section 24 permits are valid for  2 to 4 years. Apply a week before your permit expires at a RRO. The Standing Committee of Refugee Affairs (SCRA) may review your refugee status in SA based on the situation in your home country. Tip: Take all original documents with you when renewing your permit.,424,Cusboonaysiinta waxda 22 ad ee qaxootiga. Waxada qaabilada   gal safka inta ayna kaa dhicin qaxootiga. Gudida dib u sharicyada qaxootiga ayaa ka go aan gari. 24 aad ka waxuu shaqeeya 2 ilaaa 4 sano ka hor inta uuna kaa dhicin tag (SCRA) sharciga ah waa in aad wadato marka aad cusboonaysid.,290,460,,,
,,,,Permit Renewal,14,cusboonaysiinta dagananshaha,28,Fines,5,ganaaxa,7,5,"You'll be fined if you do not renew your permit before it expires. Payment of a fine means you are guilty of not renewing your permit on time and leads to a criminal record. If you have a good reason why you couldn't renew your permit, ask a lawyer for help. A RRO officer will give you the fine and tell you where to pay it. It's not more than R1000. If it is, see a lawyer. Renew your permit at the RRO where you applied for asylum. Tip: Permits are not renewed automatically. ",479,"Waa lagu ganaaxi hadan cuboonaysiin sharigaga. Lacagtuna waa in aad tahay danbiile. Aan waxayna horseedi kartaa in lagu qoro dabiille hadii ad haystao sabab  taas   oon in aad sharcigaga  wac sharci, yaqanada in kaa caawiyaan qaabilada. Waxy ku waydiin ganax R1000 TALO dagansha maha mid markaasba la cusboonaysiisyo.",317,515,,,
,,,,Permit Renewal,14,cusboonaysiinta daganashaha,27,Lost Permits,12,lumitaanka deganaanshaha,24,12,Lost permit? Get a statement or affidavit at the police station. Submit the statement with a copy of your permit (if you can) at the RRO. Tip: Lost permits are hard to replace. Make certified copies to give to your family or keep it safe. Remember your permit’s file and case number.,283,hadii sharcigu kaa lumo soo qoro cadayn ka socota booliska gubi qoraalka iyo koobigaag  hada hayso xafiiska qaabilada qaxootiga talo luminta sharcigaag way adag tahay samee koobiyo badan u kala dhiibo qoyskaga iyo sxbdaa wali kiis lanbarkaga,241,319,,,
,,,,Permit Renewal,14,cusboonaysiinta daganashaha,27,Residence,9,degaanka,8,9,Recognised refugees may apply for permanent residence. You must have lived in SA for 5 years in a row as a recognised refugee. Consult the Immigration Act of 2002 for more info on the requirements for a permanent residence application. It is important to get a certificate from the Standing Committee for Refugee Affairs (SCRA) saying you will remain a refugee indefinitely. ,375,marka laguu aqoonsado qaxooti kdi ad jogto 5sano waxad xarayn karta daganaasho rasmi ah qaynuunka sharciyad la dhigay 2002 ayaad wax badan ka helaysa  codsiga daganaansho rasmi waa waxamuhim u ah helida ogolaansha gudiga sharciyada joogtda taas oo odhanysa waad sii ahaan kartaa,278,411,,,
,,,,Permit Renewal,14,cusboonaysiinta daganashaha,27,Application,11,codsiyada,9,11,"After 5 years of continuous refugee status, you can apply for permanent residence. Complete a certification application form from SCRA to confirm that you remain a refugee indefinitely. You can ask a legal counsellor like the LHR for help. This can take up to a year. Then submit the SCRA certificate and the documents required by the Immigration Act, to a regional DHA office (not RRO). Tip: Refugees don’t have to pay to submit a permanent residence application.",464," 5sano waxaad siiwadi kartaa dagansho, si aad u dhamaystirto xaqiiji. In aad gadhay codsato sharci  la kashataa hayada sharciyaqaanada .. kuu  ad hesho  guboi waxad sharciyada, aqoonsigaag waxayna ku  dukumiintiga ad ka haysato hana bixin waxba si aad u hesho dagansho rasmiya.",277,500,,,
,,,,,,,,Back,4,kanoqo,6,4,,,,,,,,
,,,,,,,,,,,,72,,,,,,,,
,,,,Work,4,shaqada,7,Working,7,shaqaynta,9,7,Asylum seekers and refugees are allowed to seek employment with their valid permits and are not required to obtain an extra work visa for this purpose.,151,kuwa haysta magan galyada way shaqayn karan ilaa inta uu ushaqaynyso warqada magangalyada loogamana baahna dalkugal,115,187,,,
,,,,Work,4,shaqada,7,Own Business ,13,lahaanshaha ganacasi,20,13,"Register your business at the CIPC. Find out if it needs a licence, obtainable at a municipality for a small fee. You need copies of your permit and maybe extra documents like Health & Safety (H&S) inspection certificates. Don’t bribe the official! When your business meets the requirements, you'll get a licence and may start trading. A H&S officer may inspect your business site. You need to follow H&S rules at all times. Check the licence expiry date and renew it on time.",476, Ganacsigaaga waxda ganacsiyada hel ogolaansh. Waxa laga heli kara hoose bixi iyar oo ah koobiga dagansha haga iyo wax yalo.Sida arimo cafimaad.Amaan kormeer ha samayn laluush gaar ahaan marka loga baahda wax wad heli fasax in aad la socoto shuruucda markasta hubi wakhtiga dgicitaankaga ogolaanshaga.,301,512,,,
,,,,Work,4,shaqada,7,Province Laws,13,xeerka gobolka,14,13,"Check the law of the SA province you want to trade in. KZN/Limpopo/Mpumalanga/North West: you need a licence with Health & Safety approval. Limp: licences are valid for 1yr. Renew 1 month before expiry or risk fine/imprisonment. KZN: you can't alter the building you trade in without permission. Mpum: Hawkers/peddlars/street vendors don’t need a licence, but need proof that their stall area is assigned to them. Gauteng: Contact LHR for a copy of the law. See ‘Useful Services’.",480,hubso sharciga gobalka aad joogto ama aad rabto in aad ka ganacsato sida darban ama linboobo/buumalanga/waqooy/w/galbeed waxaad u baahan tahay aqoonsi caafimaad xaqiijinta arimaha amaanka sharcigana cusboonaysiin inta uuna dhicin hal bili ka hor hadii klae waxaa suurta gal ah ganaax ama xabsi in aad la kulanto  darban ma awoodid in aad badasho guriga ganacsiga fasax la aan gacansiga guriga hortiisa ama wadada uma baahnid liisan lkn  waxaad u baahan tahay in aad cadayso in ay tahay goob adeeg gaar ahaan markaad  gobalkan khawteen waxaad la xidhiidhi kartaa hayada u dooda sharciyaqaanada xuquuqda adamaha  adiga oo wata koobiga sharcigaaga iyo waxaayalaha muhiimka ah ,673,516,,,
,,,,Work,4,shaqada,7,City By-Laws,12,xeerka magaalo,14,12,"The laws of a municipality are called by-laws. By-laws control the way businesses and services work in that area. Know the by-laws of the municipality you want to trade in. Tip: It’s important to obey all the by-laws. If you don’t follow the by-laws, you may lose your goods or go to jail. For the relevant by-laws see: www.capetwon.gov.za; www.tshwane.gov.za, www.durban.gov.za, www.nelsonmandelabay.gov.za or www.joburg.org.za",428,sharciga dawlada hoose waxaa lagu yeedhi karaa sharci xadidaada sida ganacsiga  iyo adeega kale sida shaqada goobaha ay adeega ka bixiso waxaa lagu xish meeyaa sharciga dawlada hoose hadad rabto in aad ganacsato TALO muhiim ah si aad u adeecdo dhaman sharcigayada lagaaga baahan yahay hadadn la socon sharciga waxaad lumisay hantidada ama waxaad kasbatay xabsi  waxaalaha  kugu haboon dhinaca sharciga waxaad la xidhiidhaa www.capetown.gov.za   www.tshawane.gov.za  www.durban.gov.za www.nelsonmandelabay.gov.za  www.joburg.gov.za,530,464,,,
,,,,Work,4,shaqada,7,Security/Teacher,16,amaanka iyo macalinka,21,16,"SECURITY/CAR GUARD: You must register at PSIRA. Only SA nationals, permanent residents and refugees with immunity can work as guards. TEACHER: If you are a public school teacher you need to check your international teaching qualification with the SA Qualifications Authority (SAQA). The SAQA evaluation doesn’t guarantee you a job. Also register with SA Council for Educators (SACE). Go to www.sace.org.za for more info.",420,amaanka ama ilaalada  waa in aad la xidhiidho shirkada gaarka loo leeyahay ee amanka waxaa aad kula shaqayn kara kuwa haysta dhalashada konfur africa ama daganaasho rasmi ah sidoo kale qaxootiga awooda u leh in ay buuxiyaan shuruudaha waxay ku shaqayn karaan sida macalinka hadii aad tahay mid ku shaqayna ya macalinimo dad waynha ah waa in aad hubiso tayadada macalinimo waxada qaabilsa(kaht)saqa) hayadaas ma xaqiijin karto in aad heli shaqo waxaa kale ood iska dawaan galin kartaa (waxada u qabil san k afrika waxbarashada)waxanad boqan karta www.sace.org.za in badan o wara,577,456,,,
,,,,Work,4,shaqada,7,Nurse,5,kalkalisada cafimadka,21,5,Refugees with foreign nursing qualifications must register with the South African Nursing Council (SANC). Visit www.sanc.co.za for a list of all documents you'll need to submit.,177,qaxootiga awooda u leh in ay noqdaan kalkaaliso caafimaad waxay iska dawaan galin karaan(sanc)waxda dawaan galinta kalkaalisooyinka k afika)waxaad ku gudbin kartaa shahaadooyikaga www.sanc.co.za waxaanda u bahan thy in aad gudbisao liiska dhan,243,213,,,
,,,,Work,4,shaqada,7,Doctor,6,dhakhtarka,10,6,"Medical doctors with refugee status can apply to register as doctors in SA. The Department of Health (DOH) employs foreign doctors with the right qualifications & experience in govt. hospitals. Register with the Foreign Workforce Management Programme on 012-312-0467 – you need a job offer from a govt. hospital or health dept. Apply for a formal endorsement from FWMP. With a job offer & endorsement, apply to register with the Health Professions Council of SA on 012-338-9350.",478,Daxatirto heystaan sharciga caxotiga SA. Waxaa cafimaadka u ah in ey letyihin wayo-aragnimo. Diwaan isbitalada iyo barnamijada 012-312-0467 hadii ad do neyso shaqa iyo xaruunta cafimadka. Xayeysin u furo FWMP o shaqo iro xayaysin. Isko so roof xaruunta cafimadka SA 012-338-9350.,279,514,,,
,,,,Work,4,shaqada,7,Discrimination,14,midab takoorka,14,14,"There are laws in SA that protect you from discrimination or unfair treatment when you are at work. Your employer can’t discriminate against you because you’re an immigrant. The law protects you from unfair treatment. The law also protects your minimum working hours, leave, salary and the way you are dismissed.",312, Wadanka SA waxaad xaq u leedahy in aad hesho difaaca midab ama hanjabaad. Marka aad  joogto  shaqo  cida aad la shaqaynyaso kuma  takoori karaan sababtoo ah tahay sharciguna. Sharciguna difaacayaa shaqo mushahar kaaga iyo sababta aad ku wayday.,245,348,,,
,,,,Work,4,shaqada,7,UIF/CF claims,13,helitaanka xuquuqda canshuuraha naftaada ,41,13,"You can claim from the UIF if you end up unemployed because you’re sick or have a baby. You need a 13-digit ID number to claim. If you are hurt or become infected with a disease at work and you end up being disabled, the Compensation Fund will pay out money. If you die because of your injuries, your dependants will get money. The Compensation Fund will help to pay the medical bills.",385,waxaad sheegan kartaa waxii khuseeya dhawac goobta shaqada ama in ay ilmaha wax kaa soo gaadheen ama aad shaqo laan  ad tahay ama xanuun ku hayo shaqada dhexdeeda ama ama aad laxaad beeshay waxaa bixinaya waaxda magdhawga  xataa haddii aad dhimato ama aad hdaawacabto waxayna kaa cawinayaan dawada iwm,301,421,,,
,,,,,,,,Back,4,kanoqo ,7,4,,,,,,,,
,,,,,,,,,,,,144,,,,,,,,
,,,,Health,6,cafimaadka,10,Your rights,11,xuquuqdada,10,11,You have the right to basic health and reproductive health care services in SA. You cannot be refused emergency medical treatment. Hospital workers don’t always know the rights of refugees and asylum seekers with valid permits. You can contact Lawyers for Human Rights if you have a problem accessing public health services.,324,Waxaad xaq u leedahay in aad hesho caafimaad  ama daryeel SA. Mana diidi kartid degdega ah  ama dawada odow xuquuqda aad leedahay. Maganalyo  kaas oo haysta sharci shaqaynaya  waci kartaa sharciyaqaanada u dooda xuquuda hadii aad dhibaato adeega caafimaadka.,258,360,,,
,,,,Health,6,cafimaadka,10,Health costs,12,qiimaha cafimadkaagu ku kacayo,30,12,"Refugees and asylum seekers pay the same fees as SA nationals. Your fee is determined by a means test, which determines how much your fee will be subsidised. If you don't have the right documents, you'll pay the highest fee. Take the following with you: ID; permit; appointment card; payslip/proof of salary; proof of address. Tip: Sick? Go to a clinic close to home first – if they can't help, they'll give you a letter for a hospital. In an emergency, go straight to hospital.",478,"Qaxootiga ama soo galootiga  waxay bixiyaan waxoogee guno ah  oo laga qaado. Ogaw waxa lagaaga. Waxaad  gunada ugu qaalisan waxaa lagaag baahan  .Aqoonsigaga meedha aad dagan tahay talo kolka goobta caafimaad ee kugu dhaw(clinic) hadii ayna ku caawin karin,  waxay kuu qorayaan ama hadii aad tahay  arin degdega toos.",317,514,,,
,,,,Health,6,cafimaadka,10,Clinic/Hospital,15,dhakhtarka iyo kiliinigyada,27,15,"Clinics provide treatment/medicine, mostly free. Make an appointment at your nearest clinic, unless it’s an emergency. Take your valid Section 22/24 permit. If you’re still waiting for yours, ask an NGO for a letter (see ‘Useful Services’). To go to hospital, you need a letter from the clinic unless it’s an emergency. Can’t pay the public hospital fees? Get an affidavit from the police to explain, or contact an NGO. DON’T go to a private Dr/hospital if you can’t pay the fees.",480, Caafimaadka waxay kaa caawinaysaa  dhinaca  waa bilaash. Ka qabso cafimaad ee kuugu dhaw  sharcigaga oo shaqaynaya(your valid saction 22 ) fiirso adeega muhiimka kuu ah si aad waxaad u baahan tahay. Caafimaad ee kugu dhaw wax guno  ah na ma bixinaysid hel cadayn  boolis si ay u  goobta gaarka loo leeyahay.,308,516,,,
,,,,Health,6,cafimaadka,10,Trauma Help,11,jah wareeerka,13,11,Suffering traumatic events (abuse/violence/natural disaster) can lead to Post-Traumatic Stress Disorder (PTSD). Signs of PTSD: struggling to sleep/concentrate; nightmares; flashbacks; anxiety; helplessness; fear. Share your story if you have PTSD. In counselling you’ll talk about your experience/feelings. Visit the Trauma Clinic in Joburg or Trauma Centre for Survivors of Violence & Torture in Cape Town. There are other trauma clinics in SA. See ‘Contact List’ for more info.,479,"Dhibka iyo jahwareerka, Xadgubka/xanuunka.Dabeeciga ah waxay kuu hor seedi kartaa fikir iyo qas aan cadi ahayn waxaas ka sii daa  waxaanad u in aadan helin caawin kugu filan la wadagi hayada ay khusayso arim,aha  waxaana jira goobo cafimaad oo ka shaqeeya arintaas sida joobeeg  ama kebtown si toosa.",300,515,,,
,,,,Health,6,cafimaadka,10,HIV/Aids,8,cudurka dilaaga ah ee aydhiska,30,8,"HIV can go unnoticed for up to 10yrs. Know your status and get treatment sooner to help you lead a normal life. HIV weakens your body’s power to fight infections such as pneumonia. There is no cure. You can get HIV by having unprotected sex or using unsterilised needles/syringes. If you’re HIV+ and pregnant, your baby can get HIV in the womb, after birth or by breastfeeding. Tip: You can’t get HIV through casual contact, like working together, kissing, or sharing space.",474,"xanuunka dilaaga ah e aydhiska hel toban sano/10sano oo dawo ah walib si deg daga ayaa laguu caawin waxayna kuu hor seedi xalad caadi ah tabar yareda aydhiska ayay wax badan ka taraysa iyo la dagaalanka xanuunka infakshinka sida dhiig la aanta hadii aydhis jiro waa xanuun halis ah waxaanad iska ilaalisaa galmo aan lahayn difaac wax la istimalay sida xiirintaanka ama alabta afka leh hadii aydhis ku hayo hadana aad uur leedahay waxaa suurta gal ah in ilmahaagu yesho mrkuu ka soo dago makankkadib dhalshada ama quudinta naaska  hdaba ,, talo,, wax dhiba malah hadii ad dhunka to ama aad wax la wadaagto",604,510,,,
,,,,Health,6,cafimaadka,10,HIV Testing,11,baadhitaanka aydhiska,21,11,"To know your HIV status you need to get a blood test, available at most public health centres. The test is free. You’ll receive counselling before and after your test. Sometimes two tests are done. You’ll know your status after 20 minutes. Your blood sample might have to go to a laboratory, these results take a few days. HIV tests are very accurate. Many organisations in SA offer HIV tests, counselling and treatment. Go to www.tac.org.za or the contact list for more info.

",478,Ogow xanunka aydhiska waxaad u baahan tahay in la baadho. Diyaar ku yihiin kooxa baadhidu waa bilaash. Mararka waxay qadataa 20 waxuu toos ugu dhacayaa rugta waxay qaadato.Waxaana kawada shaqeeya hayada badan SA habka caafimada xanuunka ama dawaynta waxaad la xidhiidhaa  www.tac.org.za kala xidhiidh.,301,514,,,
,,,,Health,6,cafimaadka,10,PMTCT,5,arimaha khuseeya ka difacida hoyada uurka leh aydhiska,54,5,Pregnant women with HIV should ask for Nevirapine at public health centres. It can prevent HIV infection during childbirth. Nevirapine is an antiretroviral drug (ARV). Go to the contact list or www.tac.org.za for info on centres with ARV treatments.,249,qofta uurka leh hadan aydhiska qabta waxay ka codsan kartaa goobta caafimaadka kiniinka la dhahonerafobin(nervirpine) waxuu ka difaacaya xanuunka dilaga ah iyo infakshinka la xidhiidh www.tac.org.za waaxada dawaynta ,216,285,,,
,,,,Health,6,cafimaadka,10,ARV Treatment,13,qofka la nool xanuunka dilaga ah iyo qabka u dawada u qaato,59,13,Antiretroviral (ARV) treatment begins during a serious HIV-related illness or when your CD4 count drops below 350. Most people start ARV 8-10 years after infection. It isn’t the same for all. See a doctor and get the best treatment for you! Remember: It doesn’t matter what your permit/document status is – you are entitled to free ARV treatment.,346,Waxada la dagaalanka xanuunka dilaaga bilaaban  markii uu khadar gadho. Marka ama uu hoos maro 350 c   inta bada waxay bilaaba taa ama ay gaadhaa 8 ilaa 10 sano inta badan isku mid ma noqdo. Dhakhtarka hel dawo  lamana xidhiidho waxa sharcigagu yahay la xidhiidha cida aad tahay e waa in aad hesho daaawayn bilaasha.,316,382,,,
,,,,Health,6,cafimaadka,10,Sexual Abuse,12,xadgudubka galmada,18,12,"If you wish to report a rape, go straight to the police. Don’t shower, drink liquids or use the toilet – this helps with evidence. You CAN change clothes, but take along the clothes you were wearing. You don’t need to report it to get medical treatment. If HIV negative before the assault, you have a right to a 28-day course of antiretrovirals to prevent HIV, but must take it within 72hrs. Help/info: LoveLife 0800 121 900; AIDS Helpline 0800 01 23 22; AIDS Hotline 0800 11 0605",480,"Hadii lagugu kufsaday toos u aad booliska. Ha qabaysan ama ha galin musqul. Waxay kaa cadaynta dharka waad badalan kartaa  in aad war galiso. Hadii hore waxay noqonaysa in ad  qadato. Waxaad xaq u leedahay 28 difaacda xanuunka dilaaga ah lkn waa in ay qadato 72. Jacelka 0800121900, cawis   0800012322  AID 0800110605.",318,516,,,
,,,,,,,,Back,4,kanoqo,6,4,,,,,,,,
,,,,,,,,,,,,143,,,,,,,,
,,,,Education,9,waxbarashada,12,Your rights,11,xuquudaada,10,11,Everyone has the right to basic education in SA. You must have a valid study permit to study in SA. In SA on another valid permit? Check first if your permit allows you to study in SA. Some conditions might apply.,213,qof kastaa waxuu xaq u leeyahay waxbarasho k afrika waa in aad haysato sharci shaaynaya ama ogalaansho wax barasho hubina inta uuna kaa dhicin sharcigaga ayaa kuu suurta galin kara wax barasho waxaana surta gal in wax ka baxsan laga bahdo,238,249,,,
,,,,Education,9,waxbarashada,12,School,6,isgoolka,8,6,"A creche is a preschool daycare centre for ages 1-6. Primary school: 7-13. Secondary school (academic or technical): 13-19. If you can't pay the fee, ask to work in exchange for a cheaper fee. Your child must have a visa and passport to be in SA. Children in SA must go to school – it’s the law. Tip: School age groups are flexible, so a child might be older than their classmates, but most government schools don't allow students to be 2yrs older than the grade’s age group.",475,Goob dar yeel ciyaalka malinta waa qab isgool inta u dhaxaysa 1-6 sano dugsiga hoose wxaa gali kara 7-13 dugsi dhexe 13-19.Hadii adan bixin karin waydii ku ka jaban ood bixin kartid waa  sharciyo SA.Talo mararka qaar waxaa dhacda in ilmu tago galaas uu  marka sawladu iyadu ma ogala in ka badan labo sano u kor dhafo.,317,511,,,
,,,,Education,9,waxbarashada,12,Application,11,codsigaaga,10,11,"Asylum & refugee kids have the same right to primary education as SA kids. Register for a primary school closest to your house. English not good? Take a friend with who can help. Schools get full quickly so apply early (from July). If the school closest to your house is full, the school must show you another school that can help. If you struggle to register, the school close to your house must refer you to the Dept. of Education (DOE). If the school refuses admission, ask for a letter on their letterhead signed by the principal and take it to the DOE. Still can’t find a school? Contact a social service provider for education or LHR. More info on the contact list.",671,sida magan galyada ama qaxootiga ciyaalku waxay xaq u leeyihiin wax barashada as aasiga k afrika diwaan gali isgoolka kuugu dhaw hadii adan ingillska adan ku fiicnayn  kaxayso sxb ku caawiya si dagdaga u codso isgoolku in uu buuxsamo ayaa laga yaaba  haduu kaa buuxsamo wan in aado waaxda wax barashada hadii laguu diido  isgoolka waan in ay warqad ku soo siiiyaan taas oo leh saxeexa madaxa xafiiska hadii kle la xidhiidh waxda adeega bulshada dhinaca wax barashada ama sharciyaqaanada u dooda xuquuda adama la xidhiidh ,521,707,,,
,,,,Education,9,waxbarashada,12,Tips,4,talooyinka,10,4,"The parent or legal guardian must register the child. Give your family’s contact details: physical address, postal address and telephone numbers. Provide the school with certified copies of the child and/or parent’s permit and the child’s inoculation certificate. If you don’t have an inoculation certificate you must get one within 3 months from the local municipal clinic.",374,waalidku waa in ay diwaan galiyaan ilmaha si saxa xidhiidhkaaga mesha aad tagan tahay boostadada telefoonkaga  shahaadiga isgooka kobiga sharcigaga/kiisa  warqada talaalka ama tisa cafimaadaka ilaa sedex bilood,210,410,,,
,,,,Education,9,waxbarashada,12,School fees,11,gunada isgoolka,15,11,"If you can’t pay school fees, ask the school to reduce them by completing an exemption form. You must show proof of income (payslip/affidavit/letter of support) & give info on your expenses & responsibilities. Apply for exemption at the start of each term. Keep all letters & appointments with the school. If you ignore notices the school can make you pay. Find a NGO in the contact list for help with the form. Uniforms & learning materials also cost money. If you can’t afford a uniform, your child can wear clothes that resemble it, but must still go to school. Second-hand uniforms are cheaper. Ask at the school. You shouldn’t pay a registration fee. Public schools can’t ask your child to leave if you can’t pay.",718,hadadan awoodin in aad bixiso gunada isgoolka waydiiso in ay k dhimaan gunada tus warqada aad lacagta ku qaadato/cadayn io qoraal aad ku cadanayso codsigaaga taageere ka war bixi masuuliyada ku saaran sida aad wax u mamusho codso in lagaa cafiyo bilowga qoraalka ilaali dhamaan qoraalada  balamaha isgoolka  hadad is dhaga mariso ogasiisyada ama haday ku diidan waxaad la xidhiidhaa hayadaha aan dawliga ahayn cadsi qoraal ah  sida dharka isgoolka o kle  hadii uuna ilmahagu haysan dharka isgoolka xataa wuu adi karaa  ama mid u eg ayu xidhan karaa  ta labaad waxaad waydiin kartaa isgoolka mesha jaban isgoolka dad wanaha kuma wadiin karaan lacag guna ah  isgoolka dadwaynaha ,677,754,,,
,,,,Education,9,waxbarashada,12,Special needs,13,wax yalaha aad si gara ugu bahantahay,37,13,Children with special learning needs can go to a special education school. Contact the Department of Education and ask about schools. Placing your child in a special education school is a long process. Get your child on a waiting list as soon as possible.,255,wax barashada gaaraha  aad meelaha sida gaarka ah wax loogu baro ciyaalka la xidhiidh waaxda wax barashada gaarka ah wadii messha  waana arin wakhti qaadan karta  hel liiska lagu qoro ciyaalka  sida ugu suurta galsan,216,291,,,
,,,,Education,9,waxbarashada,12,University,10,jamacada,8,10,"You can study at a university to further your education or change your education from your home country to a SA degree. A university degree can help you to get into the SA job market. As a refugee, tertiary education is not guaranteed. You can apply to study at a university or technikon. A technikon is a university of technology with more practical training. Contact the international student office at your chosen university or technikon. Ask for info about their standards.",477,"waad sii kordhisan karta aqoontaada, wadna badali kartaa culuumta aadbaranayso adoo iskubadalaya aqoontii dalkaga iyo aqoonta sare SA, shahaadada nooca sare ee SA waxay kaa caawinaysaa heltaanka shaqada, inkasta oo aqoonta qaxootiga aan damanad lasiinkarin hadana bari jaamacada farsamada lana xidhiidh qaybta farsamada iyo aqoonta dibada ee kuliyada aad baranayso. adoo waydiinaya heerkooda ",392,513,,,
,,,,Education,9,waxbarashada,12,Uni. Tips,9,tallooyin gara,14,9,"You must pay international registration & local tuition fees. Submit the completed SAQA form with SAQA-certified copies of your academic records. Process can take 3 months. Prove your English proficiency by taking a TOEFL, IELTS or PTEEP test. Scholarship funding & info available online or at the uni/tech’s info desk. UNHCR offers a Dafi Scholarship for refugees under 28yrs who’ve completed secondary education (not for postgrad). See ‘Useful Services’ for info & requirements.",480,Waa in aad bixiso diwaan galinta ah. Barashada caadiga ah waxaad u gubin kartaaa.  Waxada xaqiiji luuqada ingiriiska.  Shahaadigaaga waxbarsho iyo koobiyada aad haysto. Kadibna hubi deeqdada wax barasho waxaad la xidhiidhi kartaa  qaxootiga waxda waxbarshada waxyna hawshan haysay 28  sano taas oo ka koobnayday noocyo.,319,516,,,
,,,,Education,9,waxbarashada,12,Adult Ed.,9,wax barashada dadka waa wayn,28,9,Some NGOs and refugee communities offer adult education to refugees and asylum seekers. Most adult education programmes are free. Some training centres offer English language courses. Self-help programmes and skills training can be important for job seekers. Adult education programmes also encourage social integration in SA. See ‘Useful Services’ for more info.,363,Mararka qaar waxaa dhacda hayadaha aan dawliga ahayn iyo gudiyada. Wax barasho  dadka magan galyo doonka. Inta badan wax barashda dadka waawayn waa bilaash.   Waa iskaa wax u qabso sida luuqada ingiriiska  ama xirfado  u ah shaqada.  Dadka waawayn waxay kugu dhiiri  is dhexgalka waxyaalo mihiim.,296,399,,,
,,,,,,,,Back,4,kanoqo,6,4,,,,,,,,
,,,,,,,,,,,,129,,,,,,,,
,,,,Eat/Sleep/Bank,14,cuntada/seexadka/bangiyad,25,Your rights,11,xuquuqdaada,11,11,"You have the right to food, water and housing. Some organisations can help vulnerable asylum seekers and refugees with this. Remember: Help is limited and for a short time only. You will be expected to support yourself soon afterwards. Some churches and religious centres run soup kitchens or provide help to asylum seekers and refugees. See ‘Useful Services’  for more info on these churches and religious centres.",415,Waxaad xaq u ledahay cunto biyo guri. Hayada qaar way kaa caawin karaan  xusuusin u tahay qaxootiga iyo magangalyo.  Dadaashaa in aad adigu is caawiso  waxa kale.  Diimaha ka shaqeeya waxay mararka qaar waxay bixiyaan waxaa;laha loo istimalo jikada iyo musqusha waxayna u badan tahaysida kinisada,296,451,,,
,,,,Eat/Sleep/Bank,14,cuntada/seexadka/bangiyad,25,Accommodation,13,adeega baahida degdega ah,25,13,"Some NGOs might help you find short-term solutions, like a shelter or place for the homeless. See ‘Useful Services’ for info. Ask other refugees and asylum seekers for info on accommodation. Check local newspapers for ads. Estate agents can charge a fee. Rent is paid at the beginning of the month. You might have to pay a deposit (a month’s rent) before you can move in. If possible, sign a contract with your landlord. Ask him/her what they expect of you as a tenant.",469,hayadaha  qaar waxay kaa caawinayaan in aad hesho waxoogaa. Sida guri la aanta  waxaad aragtaa waxa muhiimka.  Waaxad kala socon kartaa  khuseeya daryeelka jaraa idada ama xarumaha. Wakiilka ka ah bilowga bil kasta waxa laga yaaba in lagu way diiyo lacagta inta adan ka bixin guriga ama adan tagin waxaana muhiim.,313,505,,,
,,,,Eat/Sleep/Bank,14,cuntada/seexadka/bangiyad,25,Evictions,9,guri ka saarid,14,9,The law also protects refugees and asylum seekers from unlawful evictions. The landlord must have a court order before he can evict you. Remember: only a court can force you to leave. The landlord cannot threaten you or use force to remove you from the property. Contact the Rental Housing Tribunal on 011-630-5035 or 0800-046-873 if there’s a dispute or if you feel you’ve been unfairly treated.,396,"Sharcigu waxuu difaacaya qaxootiga iyo  magangalyo. Sharci daro ah lagaga saaro guryaha  ninka guriga, an maxkamad inta uuna huriga ka saarin  in xoog uga saaro ama uu u hanjabo haday taas dhacdo  waxada u xilsaaran guryaha 011-630-5035 ama 0800-046-873 hadad  dareento hanjabaad.",280,432,,,
,,,,Eat/Sleep/Bank,14,cuntada/seexadka/bangiyad,25,Bank problems,13,dhib xaga bangiyada ah,22,13,"It may be difficult to open a bank account in SA. Banks don’t always know the rights of refugees and asylum seekers with valid permits. They may refuse to open bank accounts. Asylum seekers can use their temporary asylum seeker permit as identification. Refugees can use their refugee permit or refugee ID. FNB, Standard Bank and Nedbank accept asylum seekers and refugees. Ask other refugees which bank in your area is refugee-friendly.",437,Hadii ay kugu adagtahay in aad furati akownti bangi SA. Ogato xaq qaxootiga  iyo magan galyo doonka marka shaqaynayo hadii ay ku diidaa.Furo akownti  waxaad ogaato in ay istimaali karaan warqada sharciga ama aydhiga waliba bangiyada FNB IYO STARDARD baangi waydii meesha kugu dhaw eed ka furan karto,299,473,,,
,,,,Eat/Sleep/Bank,14,cuntada/seexadka/bangiyad,25,Bank account,12,akowntigaga iyo iwm,19,12,"You must be 16 years or older with a valid permit or refugee ID. You must hand in a proof of residence: a rental contract, telephone bill or utility bill in your name. You need to prove your income with a payslip or affidavit. You also need a small amount of money to put in your bank account. Even if you have the right documents, the bank may decide if they want to give you an account or not. You can also ask a legal counsellor to help you open a bank account.",464,waan in aad noqoto 16 sano iyo kasii wayn sharci shaqaynaya waan in ad haysto waa in ad gacanta ku wadato aqoonsiga qaxootinimo iyo cadayn meesha aad dagantahay kirada aad bixiso warqada ad wax ku qadato mama dakhligaga  akown furashdada waxaad u martaa wado sharciya waxay kaa cawin in aad furato durba,303,500,,,
,,,,Eat/Sleep/Bank,14,cuntada/seexadka/bangiyad,25,Other options,13,qaybo kale,10,13,Savings and credit co-operatives often open up bank accounts for refugees. They operate as credit unions. Credit unions are groups of people who save together and lend money to each other. They don’t operate as ordinary banks.,226,kayd sashada iyo amahaha waa kuwa lagala shaqeeyo qaxootiga  ama loo furo sida dadka jamaca ah kuwaas oo si wada jira wax ugu rita mel kuwaas maha ku caadiga ah,160,262,,,
,,,,,,,,Back,4,noqo,4,4,,,,,,,,
,,,,,,,,,,,,103,,,,,,,,
,,,,Social Grants,13,deeqda bulshada,15,About grants,12,wax khu seya adeega,19,12,Recognised refugees can get social assistance under certain circumstances. This doesn’t apply to asylum seekers.,112,aqoonsiga qaxootiga wa xay awoodaan caawin bulsho xaalado badan awgeed loogamana baahna warqada sharciga qaxootiga,114,148,,,
,,,,Social Grants,13,deeqda bulshada,15,Disability,10,laxaad  la aanta,16,10,This is a temporary or permanent monthly grant for recognised refugees who can’t work due to a mental or physical disability. Recognised refugees who are foster parents of a disabled child under 18 can apply for a care dependency grant.,236,tan ku meel gaadhka ah ama daganshaha ah waxay xaqiijinaysaa qaxootinimada kaas oon shaqayn karin marka loo fiiriyo xanun xaga maskaxda ah ama dhinaca jidhka ah sida laxaad la aan  sidoo kle ciyaalka ka yar 18 sano ayaa ka mida wayna codsan karaan,247,272,,,
,,,,Social Grants,13,deeqda bulshada,15,Foster care,11,ilaalinta waraqaha laysu diro,29,11,Recognised refugees who are suitable foster parents can apply to the Department of Social Development for a foster care grant. Remember: a court must confirm you are a suitable foster parent. The grants are usually given for a 2 year period.,241,aqoonsiga qaxootinimo ee soo caydhinta waalidka waxay iska diwaan galin karaan waaxda arimaha bulshada iyo hormarinta si ay u codsadaan  daryeel xusuunow waa in ay maxkamad xaqiijiso in lagugu khasbay waxayna laguu balan qaadi karaa ilaa 2 sano wakhti ku eg,257,277,,,
,,,,Social Grants,13,deeqda bulshada,15,Social relief,13,gar gaarka bulshada,19,13,Social relief is limited to SA citizens and recognised refugees. You would need to apply at the nearest SASSA office where you live. Each grant requires different documents to be submitted.,189,sadaqada bulshada ka timaada waa wax xadidan k afrika arimaha khuseeya waxay iinta waxaad u baahan tahay codsiga meesha kugu dhaw u aqoonsashada baahida sida saasa/sassa waxaanad iska diwaan galin kartaa mesha kugu dhaw adiga oo qadanaya dukumintiga aad haysato una gubi,270,225,,,
,,,,Social Grants,13,deeqda bulshada,15,Applying,8,codsiga ,8,8,Each grant needs a specific set of documents to support your application. Visit the South Africa Social Security Agency's website (www.sassa.gov.za) or call them on 0800-60-10-11. You must apply at the SASSA office closest to your home.,236,Xaqiijin kasta waxay u  bahantahy qeexid iyo cadaymo sharciyo ama cosiyo si laguu caawiyo. Waxaad booqata www.sassa.gov.za ama wac0800-60-10-11 waana in aad ka codsata saasa/sassa xafiiskeeda kugu dhaw.,202,272,,,
,,,,Social Grants,13,deeqda bulshada,15,SASSA-EC/WC/NC,14,arimaha khuseeya hayada caydha bixisa  iyo kuwa lamidka ah,58,14,"EASTERN CAPE: BKB Building, corner of Fitzpatrick & Merino Road, Quigney; Tel: 043-707-6300; Email: GrantsEnquiriesEC@sassa.gov.za; NORTHERN CAPE: Du Toitspan Building 95-97, Du Toitspan Road, Kimberley: Tel: 053-802-4900; Email: GrantsEnquiriesNC@sassa.gov.za; WESTERN CAPE: Golden Acre, Adderley Street, Cape Town: Tel: 021-469-0200; Email: GrantsEnquiriesWC@sassa.gov.za",373,"EC: BKB Bui, corner of Fitzpatrick & Merino Road, Quigney; Tel: 043-707-6300; Email: GrantsEnquiriesEC@sassa.gov.za NC : Du Toitspan Building 95-97, Du Toitspan Road, Kimberley: Tel 053-802-4900 ; WC : Golden Acre, Adderley St, Cape Town Tel: 021-469-200; Email: GrantsEnquiriesWC@sassa.gov.za",293,409,,,
,,,,Social Grants,13,deeqda bulshada,15,SASSA-GP/FS/KZN,15,arimaha khuseeya hayada tageera qaysaska danyarta ah mesha sida kuwasulu natala ,80,15,"FREE STATE: African Life Building, 75 St. Andrews Street, Bloemfontein. Tel: 051-410-0804/5; Email: GrantsEnquriesFS@sassa.gov.za; GAUTENG: 28 Harrison Street, Johannesburg: Tel: 011-241-8300; Email: GrantsEnquiriesGP@sassa.gov.za; KWAZULU-NATAL: 1 Bank Street, Pietermaritzburg; Tel: 033-846-3300; Email: GrantsEnquiriesKZN@sassa.gov.za",337,"FS: African Life Bui,75 St. Andrews Street, Bloemfontein Tel: 051-410-0804/5 Email: GrantsEnquiries@sassa.gov.za GAUTENG 28 Harrison St, Johannesburg Tel: 011-241-8300 Email: GrantsEnquiries@gov.za KWAZULU-NATAL 1 Bank St, Pietermaritburg Tel: 033-846-330 Email: GrantsEnquiriesKZN@sassa.gov.za",294,373,,,
,,,,Social Grants,13,deeqda bulshada,15,SASSA-NW/MP/LP,14,arimaha khuseeya hayada caydha bixisa  iyo kuwa lamidka ah gar ahan linboopo,76,14,"MPUMALANGA: 18 Ferreira Street, Nelspruit. Tel: 013-754-9428 Email: GrantsEnquiriesMP@sassa.gov.za NORTH WEST: Master Centre, Industrial, Mafikeng. Tel: 018-388-0060 Email: GrantsEnquiriesNW@sassa.gov.za  LIMPOPO: 43 Landros Mare, Polokwane. Tel: 015-291-7400 Email: GrantsEnquiriesLIM@sassa.gov.za  ",300,"MPUMALANGA: 18 Ferreira St, Nelspruit. Tel: 013-754-9428 Email: GrantsEnquiriesMP@sassa.gov.za NORTH WEST: Master Centre Industrial, Mafikeng. Tel: 018-388-0060 Email: GrantsEnquiriesNW@sassa.gov.za LIMPOPO: 43 Landros Mare, Polokwane Tel: 015-291-7400 Email:  GrantsEnquiriesLIM@sassa.gov.za",292,336,,,
,,,,,,,,Back,4,noqo,4,4,,,,,,,,
,,,,,,,,,,,,137,,,,,,,,
,,,,Safety&Relocation,17,amaanka ama dib u dajinta,25,Xenophobia,10,jinsi nacaybka,14,10,"Xenophobia is an irrational hatred towards foreigners or an unreasonable fear or hatred of the unfamiliar persons. If you are a victim of xenophobic attacks, you must report it to the police. Go to the police station closest to your home. You must explain in detail what happened. The police will open a case. You will get a case number. Keep it safe! If you’ve lost your document, get an affidavit from the police that explains your situation. Go to the RRO for a new permit.",476,jinsi nacayku waa ficil nacaysho kaas oo lagula kaco kaliya dadka aajaanibta ah wana bila sabab aan hore loo arag hadaba hadad tahay dhibane lagula kacay jinsi nacayb  waa in aad war galisa booliska kuugu dhaw goobtaada waa in aad u sharaxdo say wax kuu gaadheen boolisku waxay kuu furayaan kiis lanbar  waa in aad xajiso kiis lanbarka hadii aad  lumiso sharcigaga waan in aad booliska ka soo qorato cadayn boolis  taas oo cadaynaysa say wax ku gaadheen iyo xaladada kadib aad xafiiska qaabilaada qaxootiga si aad u hesho sharci cusub,534,512,,,
,,,,Safety&Relocation,17,amaanka ama dib u dajinta,25,Relocation,10,dibudajinta,11,10,"Sometimes UNHCR helps to move refugees from one place to another ('relocation'). There are 4 relocation options: resettlement, internal relocation, voluntary repatriation and family reunification. Relocation is not part of the asylum process, and only exceptional cases will be considered for recognised refugees if the UNHCR identifies the need for protection. The UNHCR will carry out a separate status interview, and their outcome can differ from the DHA’s process.",468,"Mararka  hayada qaxootiga aduunka waxay waxaycaawisaa qaxoootiga si ay meel uga kaxayso. U dajiso ama dib u dajin waaana afar nooc/4 1 dib u dakin wadanka gudihiisa ah 2dib u celin. Qoys dib u dajintu maaha nooc ka mida magan. Hawlo u gaara hayada qaxootiga, aduunka taas oo lagu xaalada  iyo  aduunka.",302,504,,,
,,,,Safety&Relocation,17,amaanka ama dib u dajinta,25,Resettlement,12,magangaliyada wadan sadexaad,28,12,"Resettlement is the assisted movement of a refugee and his/her nuclear family (husband/wife and children) to another country. This is only done in exceptional cases, if SA officials cannot find a safe solution for the affected refugees in SA. General SA problems like crime or xenophobia do not meet the requirements for resettlement. The UNHCR will first try to set up a durable environment for you in SA before resettlement is considered. ",441,Dib u dajintu wa caawin qaxooti iyada ama isaga badhaha. Qoyska sida ninka ama naagta/ciyaalka oo kale wana la xidhidhi kisas la aqbalay. hadii SA  qaxootiga wadanka  waana dhibaata guud o. Wadanka dhan ama jinsi mana khusayso codsiga  dib u dajinta aduunka waxay isku in ay kwarato bayada inta ayna dib u dajinta.,314,477,,,
,,,,Safety&Relocation,17,amaanka ama dib u dajinta,25,Criteria,8,shuruudaha,10,8,"If SA officials cannot find a safe solution for the affected refugees in SA, then relocation options must be considered. Ask a legal counsellor for help if you fall within one of the 4 relocation categories. SA problems like crime, xenophobia or lack of employment do not meet the requirements for resettlement. The UNHCR will first try to set up a durable environment for you in SA before resettlement is considered. ",418,hadii ayna amaan ahayn wadanka SA. Qaxootiga SA waan laga codsado.  Si cawin loga helo waxad haysta 4 nooc oo dib u jin ah danbiga SA ama jinsi nacaybka ama shaqo la aanta kuwaas looma codsan karo dib u dajin hayada  qaxootiga aduunka waxay isku dayda cimiri dheer bayada in ayna go aansan dib u dajinta.,304,454,,,
,,,,Safety&Relocation,17,amaanka ama dib u dajinta,25,Applying,8,codsiga,7,8,"Go to the UNHCR on a Monday to make an appointment. Their consultation days are Tuesdays and Thursdays. UNHCR will assess your case to see if you qualify. If the decision is negative, they will notify you in writing. If the UNHCR decides that resettlement is necessary, they will ask a third country to review your application. If the third country is satisfied with your case, you may need to interviewed again and go for a medical examination. The process can take 1–2 years.",477,"utag UNHCR doo balanka qabsanaya malinka isniinta, unhcr waxay lakulantaa qaxootiga maalinka taladada ah, unhcr waxay fiirindoontaa codsigaaga haday codsigaaga kuqanacdo waxay kuu gudbin wadan sadexaad hadii wadankaasi kuqanco in lagu siiyo degenaansho waxaad mari maraanmar kale waxana maridoontaa caafimaad, wakhtiga waxa laga yaabaa inay 1-ilaa 2 sano qaadato. ",364,513,,,
,,,,Safety&Relocation,17,amaanka ama dib u dajinta,25,SA Relocation,13,dib u dajinta k.afrika,22,13,"Internal relocation is the movement of a refugee/asylum seeker & their families within SA, for protection purposes. In exceptional situations you may be relocated for better access to the UNHCR. Internal relocation procedures are the same as resettlement. You can’t apply simply for transportation. If the UNHCR thinks you need internal relocation, they'll find you a safer location. Temporary accommodation & necessary services can be provided. The UNHCR will arrange transport.",479,"dib u dajinta caalamiga ah waa kaxayn qaxooti iaga iyo qoysas koda SA.  Xalada  karo u dhawdahay in  aad hesho nolol ka fiican hayada q, aduunka  qaabka dib  tusale ma codsan kartid baabur raac hadaba.hadii aad  tahay dib u dajin gudaha ah  kuu radin meel  aman ah lgaadhi raca way kaa cawin karaan.",299,515,,,
,,,,Safety&Relocation,17,amaanka ama dib u dajinta,25,Repatriation,12,celinta,7,12,"Voluntary repatriation is when refugees freely decide to return to their home countries. To apply, you must fill in an application form at UNHCR, LHR, Wits or UCT Law Clinics. You'll be interviewed by a legal counsellor, who must confirm that the info on your form is correct. Your form will be sent with a recommendation to the UNHCR or the IOM. They will make a decision and arrange your return. Tip: You'll lose refugee status if you leave SA through voluntary repatriation. ",478,"Dib celinta iskeeda waa marka qaxootigu  goosto in uu noqdo gurigiisa.  Foomka codsiga h,q, aduunka,ama sharciyaqanda.u ,x, adamaha waxay kula karaan su aalo t sharciya. Xaqiijiso akhbaaratada waxana dib loogu dirayaa taloyinka unhcr/HQA ama IOM/HSA iyagana ka go aan gadhi doona talooyinka aad ku noqon",303,514,,,
,,,,Safety&Relocation,17,amaanka ama dib u dajinta,25,Reunification,13,dib u midaynta,14,13,"If you lost contact with a family member during the movement between countries, you can ask for the family member to join you in SA. You may ask to join a family member in another country. Under exceptional circumstances the UNHCR can help with transportation. To apply, contact the UCT Law Clinic, LHR or Jesuit Refugee Services, who'll help you with the application. Tip: Family reunification applications must be made to the DHA at the RRO.

",445,Hadii ad is waydeen xubno qoyskaga ka mida ah intii qaxaysay. Kugu la noolan karaan halka aad jogto xaalada la aqbali karo unhcr/HQD waxay kaa caawin karaan safarka si ad u codsato la xidhiidh/HTL/UCTM\ama a qaxootiga waana in aad codsiga ka soo bilowdo waxda sharciyada gar ahan xafiiska qabilada qxootiga.,307,481,,,
,,,,Safety&Relocation,17,amaanka ama dib u dajinta,25,Trace family,12,raadka qoysaska,15,12,"The SARCS, ICRC & UNHCR help trace & reunite families, and assist with child protection during the process. Red Cross can help reunite unaccompanied & separated kids, as well as the elderly/vulnerable. The Red Cross message system helps restore contact between family members if their IDs & addresses are known. Always give as much info as possible: missing person’s ID; reason for separation; last place of contact. Consult Red Cross & Red Crescent if the missing person was resettled. Finding a missing person depends on info given & the accessibility of the area they’re in. Armed conflicts/natural disasters may delay the process.",634,hayada lanqayrta cas SA. Sidoo kale HQ ADUUNKA WAXAY KAA CAWINAYAAN dib u midaynta qoysaska  difaaca ciyaalka.  Nadaanka  kuu caawin karto hayada.  Xidhiidh u qofka iyo qoyskiisa sida in  meel uu kala xidhiidho.  Shaqadoodu  qof meeshee ugu danbaysay cida halka laga heli karo hawlaha.,285,670,,,
,,,,,,,,Back,4,noqo,4,4,,,,,,,,
,,,,,,,,,,,,143,,,,,,,,
,,,,LGBTI & VAWC,12,xuquuqda guriga iyo galmada,27,LGBTI rights,12,xuquuqdad guriga iyo arimaha galmada,36,12,"SA’s Constitution protects the rights of Lesbian, Gay, Bisexual and Transgender individuals (LGBTI). LGBT victims of unjust treatment must go to the police. LGBT victims of hate speech may lay a complaint with the SAHRC or approach the Equality Court for relief. ",263,sharciga wadanka waxuu difacayaa galmada arimaha la xidhiidha sida khaniiska iyo jinsiyada hadaad tahay dhibane habdhaqankaas waa in aad wacdo booliska k afrika  ama hayada arimahs u dooda  ayaad la xidhiidhi kartaa,215,299,,,
,,,,LGBTI & VAWC,12,xuquuqda guriga iyo galmada,27,LGBTI Safety,12,amaanka arimaha khuseeya guriga dhexdiisa,41,12,The Refugee Act states that the LGBTI group may get protection if they are persecuted for their sexual orientation. Don’t be afraid to disclose your sexual orientation when applying for asylum. The RRO must treat your claim with confidentiality. ,246,"hab dhaqanka qaxootiga arimaha gal,mada hadii koox ad tihiin waxaad difaac ka heli kartaa xeer ilaalinta nadaamka galmada hana ka cabsan habdhaqanka galmada xilyada aadc wax codsanayso oo kale sida sharcga  wana in aad u sheegto si kalsooni ku jirto",249,282,,,
,,,,LGBTI & VAWC,12,xuquuqda guriga iyo galmada,27,LGBTI Help,10,caawinta guriga dhexdiisa,25,10,Contact Lawyers for Human Rights (LHR) or another legal organisation if your claim isn’t treated with sensitivity and respect. www.lhr.org.za; 011-339-1960 or 012-320-2943.,172,la xidhiidh H SH U DOD XUQQUDA ADAMAHA iyo kuwa kale ee sharciyada booqo www.LHR.org ama 011-3391960 ama012-320-2943,116,208,,,
,,,,LGBTI & VAWC,12,xuquuqda guriga iyo galmada,27,Abuse help,10,ka cawinta xadgubka ,20,10,"Abuse is illegal in SA. Get free legal help from selected women and children’s organisations, or call the toll-free helpline on 0800-150-150 for help and counselling.",166,xad gudubku waa wax sharciga k afrika kan soo hor jeeda hel kuwo si bilaasha kuu cawiya sida ciyaalka iyo haweenka ama wac 0800-150-150 si laguu caawiyo talona laguu siiyo,171,202,,,
,,,,LGBTI & VAWC,12,xuquuqda guriga iyo galmada,27,Abuse Rights,12,arimaha khuseeya xuquda in laga cawiyo xadgubka,47,12,"Women and children have the right to live free from abuse. All types of abuse must be reported to the police. A protection order can prevent more violence. Violence can be intimidation, physical, sexual or verbal abuse, being threatened with abuse or when you lose your freedom. Abuse of women and children is illegal in SA. ",325,"haweenka iyo carurta waxay heli karam difaac iyu xuquuq noc kasta oo ka mida xadguduka  wana in lala xidhidho booliska difaacid waxayna kii surta galin ilalin fara badan waxaa suurta gal ah in lagugu sameyay xad gudub galmo ama mid jidh ah ama aad lumisay xoriyadada xadgubka dumarka, ciyaalka waa sharic dar k afrika",317,361,,,
,,,,LGBTI & VAWC,12,xuquuqda guriga iyo galmada,27,Report abuse,12,war galinta xadgudubka,22,12,"If you or your child suffer from abuse, you must report it to the police. The police will open a criminal case. You must make a statement. You’ll get a case number. An officer will investigate your case. Some police stations have special units for domestic violence, sexual offences and child protection. Go to a police station close to your home. If you don’t, your case will take longer to process. You’ll go for a medical examination and counseling. ",453,hadii adiga ama ilmahaaga u dhib qabo kaas.   Waalid ka boolisku waxay kuu furayaan kiis in danbi lagaa galay wana in aad booliska u sheegto. Waxa ku helay waxay ku furi kiis boolisku waxay leeyihiin hayado u xilsaaran  arimaha xadgububka galmada iyo difaaca ciyaalka. Booliska kugu dhaw waxanad he;aysa dawo iyo talo,317,489,,,
,,,,LGBTI & VAWC,12,xuquuqda guriga iyo galmada,27,Protection,10,difaacida,9,10,"If you’re afraid of more violence or feel threatened, you can go to court and get a protection order. You don’t need a lawyer. A protection order can order your abuser to stop abusing you, to stay away from you or force him/her out of your home. Documents like medical reports and photos of your injuries can help your case. Take them with you to court. With enough proof, you’ll get an interim protection order and suspended warrant of arrest. ",445,Hadaad ka cabsato qalaalse badan ama hanjabaad badan. Waxaad aadi kartaa maxkamada waxayna ku siin difaacid.Codsiya umana baahnid sharci yaqaaan xadgububkana.Hadad laga buriya guriga. Lacalhaday wax kugaran dawac ama wax lamiid aah. waxad gen maxakamaad.leeh cadeen.waxa ladira warqaad xariig.,293,481,,,
,,,,LGBTI & VAWC,12,xuquuqda guriga iyo galmada,27,Disobey P.O.,12,armar diidada iyo be o boxska,29,12,"If the abuser disobeys the order, you can get him/her arrested. You’ll need to go back to court a second time. Your abuser must also be there. The court will listen to your case. The court may give you a final protection order. If your abuser disobeys the order, he/she can get arrested.",287,Ku xad gudbuhu haduuna  ahayn mid u  dalabka waad xidhi kartaa.  Marka labaad waa in aad maxkamada walibana waa in uu kula socdo ku xad gudbuhu. Markaas waxaa maxakamadu in ay ku sii so difaac kama danbaysa  waa hadii uuna u hogaansamine dalabka maxkamada  isaga ama iyada markaas waa la xidha.,294,323,,,
,,,,LGBTI & VAWC,12,xuquuqda guriga iyo galmada,27,Trafficking,11,ganacsiga,9,11,Human trafficking happens when people are recruited and taken to another country under a false act. They’re exploited and cannot leave. Trafficked victims are tricked with false promises of good jobs and better lives and forced to work under brutal and inhumane conditions. Human trafficking is a form of modern-day slavery. Call the International Organisation for Migration (IOM) on 0800-555-999 or go to a police station if you know of someone who has been trafficked.,470, Ganacsiga bili adamka waxuu dhacaa kaliya marka dad ay adan wadan. Sharciya ama wax aan sax ahayn uga faa  in ay ka waxayna ugu shaqaystaan. Ahwaxayna  wax kasta  lagu tilmaami karaa casriga ah waxaad la xidshiiidhi kartaa ururada caalamiga ah e socdaalka 0800-555-999 ama aad booliska  waxaaad ogaan cida ku shaqa leh,319,506,,,
,,,,,,,,Back,4,noqo,4,4,,,,,,,,
,,,,,,,,,,,,146,,,,,,,,
,,,,Statelessness,13,bilaa gurga ah,14,Statelessness,13,guri la aanta,13,13,"A stateless person doesn’t have citizenship in any country. You are also at risk of being stateless if your nationality status is undecided. Not all undocumented persons are considered stateless, e.g. when your birth isn’t registered or if you don’t have a birth certificate, ID or passport. ",292, Qaran la aan waa qofka aan lahayn waa qof aan haysan. Mid kastaba qarka u saaran tahay in aad qaran. Aan tahay hadii dhalashadu tahay mid aan lagu go aan qadan taaas maha dhamaan. Qaran la aantu waa tusaale marka adan haysan diwaan galin dhalasho aqoonsi warqada ama baasaboor.,278,328,,,
,,,,Statelessness,13,bilaa gurga ah,14,Risks,5,khatarta,8,5,"An undocumented person risks being stateless when he/she belongs to a certain category or certain factors are present. Examples: birth outside your parents’ country of nationality; death or desertion of your parent(s); irregular migration across international borders; mixed nationality of your parents, loss of clinic cards or records; if you’re close to an international border with high cross-border movement or when the law doesn’t allow you to have dual nationality.",471,Qof aan lahayn sharci waxuu khatar u yahay qaran la aan marka uu helo waxoo guul ah am dhiba. Dhimashada ama ka maqanan ta meel dagaal  ama sugida soo galootinimo. Arimaha goynta xadadka isku darka dhalashooyin warqada oganshahaga  marka ayna kuu samaxayn in aad goyso xadka sababta is la hansha la aanta dhalasho.,314,507,,,
,,,,Statelessness,13,bilaa gurga ah,14,Birth Regstr.,13,diwaan galita dhalmada,22,13,"A birth certificate proves your place of birth and identifies your parent/s. It’s also the most important proof of your nationality. South African citizens born outside SA are entitled to a SA birth certificate. Foreign children born in SA are entitled to a birth certificate. This doesn’t mean they’re SA citizens. Children born in SA must be registered within 30 days otherwise, apply for late birth registration. Applications close in December 2015.",452,Warqada dhalashadu waxay cadaynaysaa goobta aad ku dhalatay waxayna cadaynaysaa walidkaaga.  Dhalashadada  gar ahaan dadka haysta dhalashada SA lkn kayimid macnaheedu maaha in  dhalan ku dhasha wadanka SA. Llagu diwaan galiyo 30cisho hadii kale waa in laga galiyo dhib dhaca ah  la xidhaa bisha dhiseenbar codsiyada.,316,488,,,
,,,,Statelessness,13,bilaa gurga ah,14,Citizenship,11,helida dhalashada,17,11,"You have a claim to SA citizenship if: you were born to a parent with SA citizenship at the time of your birth; you were born in SA to a parent who was a permanent resident of SA at the time of your birth and if you lived in SA until the age of 18; you have been adopted by a SA citizen; applied for and received a certificate of naturalisation from the DHA; were born in SA and have no other citizenship or nationality, or no right to other citizenship or nationality.",469,hadii sheegashadaadu tahay dhalasho k afrika ah ama hadii waalidkaa ku dhashay wadanka  waxaa muhiim ah xiliga dhalashada  iyo goobta aad ku dhalatay ama hadii walidku ahaa mid daganaasho ka helay wadanka oo markaas adna aad dhalatay ama hadii aad ku noolayd wadanka ilaa intii aad ka gaadhay 18 sano waxaad xaq u lahayd dhalasho wadanka ah codso adiga oo raacinaya codsigaaga  si dhexdhexaada  taas oo ka imanaysa waxda sharciyada hubi in ay surta gal tahay qof ku in uu heli karo laba dhalasho,495,505,,,
,,,,Statelessness,13,bilaa gurga ah,14,Legal advice,12,talo sharciga khusaysa,22,12,"If you struggle to register a birth or access nationality in your country of birth, contact LHR on 011-339-1960 or 012-320-2943 for legal advice or assisatnce.",159,"hadii aad la dhiban tahay in aad is diwaan galiso  ama dhalashada wadan kaaga la xidhiidh hayada sharciyaqaanada Q,ADAMAHA U DOODA011-320-2943 caawinta ama waanada",163,195,,,
,,,,,,,,Back,4,noqo,4,4,,,,,,,,
,,,,,,,,,,,,82,,,,,,,,
Tips,4,,0,,,,,,,,,,,,,,,,,
,,,,,0,,,Asylum application,18,codsiga magan galyada,21,18,"The asylum process is hard and can include weeks of queueing. If arrested while waiting for your Section 22 permit, contact LHR for help. If a DHA official asks for a bribe, take down his/her name, physical features, the date and time. Call 0800-601-190 (toll-free) to report anonymously. No need to pay any fees. Renew your Section 22 permit before expiry or risk being arrested/detained/fined. If you use it to get back into your country, you could lose your SA refugee status.",479,warqada magan galyo doonka waa marxalad adag waxay qaadan kartaa todobaado in aad safka ku jirto hadii lagu xidho adiga oo  suga qaybta 22 aad waxaad  la xidhiidh kartaa hayada sharci yaqaanada u dooda xuqquda adamaha si ay kaaga cawiso waxada sharciyada hadii lagu waydiiyo wax laaluush ah soo qor magaceeda wakhitga iyo goobta wac 0800-601-190 wcitaanku waa bilaash wax lacaga lagaama qaadi karo dib u cusboonaysiinta 22 aadka in uu kaa dhaco waa khatar  waanada gali kartaa jeel amaganaax ayaad la kulmi karta waxaana lagugu celin karaa wadankaaga hadii ad lumiso qaxootinimada wadanka,588,515,,,
,,,,,0,,,Permits,7,deganaasha,10,7,Remember to take all original documents with you when renewing your permit. You have the right to question the fine if you think it’s wrongly given to you. Speak to a lawyer if you are worried about it. Permits aren’t renewed automatically. Renew your permit before it expires. You can get arrested if you have an expired permit. Make certified copies and give to family or keep it safe. ,388,Xusuusnow in aad wadato sharcigaga asalka ah  marka aad rabto in aad cusboonaysiiso. Sharciga ah u leedahay waydiiso ganaaxaga. Hadii aad u malayso in ay khal;ad tahay wxad siin karta sharci  si caadiyana sharcigaaga inta uuna dhicin wa lagu xidhi karaa hadii dhaco koobiyo ka samee dadka ehelka ah u dhiibo.,308,424,,,
,,,,,0,,,Support,7,bahida taageere,15,7,"Always ask about a lawyer’s fees before you accept their services. Always ensure your lawyer has the right qualifications. If you’re unsure, contact the Law Society of SA on 012-366-8800. Always carry your valid permit or a certified copy with you – this is proof that you are allowed to stay in SA. Renew your permit on time! If you go to a magistrate’s court, you can ask for ‘legal aid’. You will be able to speak to a lawyer for free.",438,Qareen kaga weydi inatat acbalin adeegoda. Hadaan an hubin waac sherciga SA 012-366-8800. Xadaa sherci wato copi hori u so qado. Cadeen inaad SA sherci kujogtid. Cusboneysii sharci gaga intu sadinin. Hadii ad adid maxkamadaa qareen lahow wa bilaash.,249,474,,,
,,,,,0,,,Right to work,13,xaq u la haansha shaqo,22,13,Your S22 or S24 permit allows you to work. You do not need an additional work permit.,85,qaybta 22 aad ama qaybta 24 aad waxay kuu ogalanaysaa in aad shaqayso  wax kale lagagama baahna,95,121,,,
,,,,,0,,,Health,6,cafimaadka ,11,6,"Feeling ill? Go to a clinic close to your house first. You will get a letter for a hospital if they can’t help you. If there’s an emergency, go straight to hospital. You cannot get HIV through casual contact, like working together, kissing a friend, sharing the same bathroom or kitchen. Contact LoveLife on 0800-121-900; AIDS Helpline on 0800-01-23-22; or AIDS Hotline on 0800-11-06-05 for more info or help. ",410," Xanuun aad xarunta cafimaad e kugu dhaw waxaad ka helaysaa warqad u sahlaysa in aad ado waa hadii anyna wax kuu qaban karin, kiliingu hadii xaalku  toos u aad dhakhtarkamana aha sida xanuunka dilaaga ah. Waxna uma dhinto sxbtinimada  iwm la xidhiidh 0800-121-900  AIDS 0800-01-12-22 AIDS Hotline 0800-11-06-05. Caawis",318,446,,,
,,,,,0,,,Education,9,waxbarashada,12,9,Age groups in schools are flexible. A child may be older than their school friends due to unplanned situations. In most SA government schools a student cannot be more than 2 years older than their grade’s age group. You shouldn’t pay a registration fee at the school. The public school can’t ask your child to leave if you can’t pay.,333,da dhaafka isgoolka waa arin waa arin dabacsan tusaale hadii ilmuhu wayn yahay sida saaxibadii ama ardada waa xalad aan la qorshayn karin ilmhuhu maaha wax ka badan labo sano in uu kor u dhaafo galaaskiisa da ada wax barasho kuma waydiin karaan isgoolka dawlada wax guno ah hadan hayn ilmahana kama caydhin karaan,313,369,,,
,,,,,0,,,Safety,6,amaanka,7,6,"Resettlement is possible in exceptional cases, but not an option for many refugees with SA refugee status. It can take more than a year. You’ll lose your refugee status when you leave SA through voluntary repatriation. It must be safe for you to return to your country. Family reunification applications must be made to the DHA at the RRO. Only the DHA considers family reunification for refugees.",397,"halitaanka dibudajintu waxa uukusalaysanyahay kiisas laqaadankaro oo aad haysato, balse maahan in shaqsikasta oo haysta aqoonsi qaxooti uu kudagdago inuu sharcigiisa beerdareeyo iskuday inaad wadankaaga kunoqoto xili uu nabadyahay hadiikale codsi in qoyskaaga laguu keeno adoo maraya waaxda midaynta qoysaska ee wasaarada arimaha guda waaxda uxilsaaran qaxootiga oo kaliya.",373,433,,,
,,,,,,,,Back,4,noqo,4,4,,,,,,,,
Services Near Me,16,,0,,,,,,,,,102,,,,,,,,
,,,,,,,,,,,,,,,,,,,,
About/ T&Cs,16,,0,,,,,,,,,,,,,,,,,
,,,,Read T&Cs,9,udiyaar garawga nadamka iyo shurucda,36,Guide,5,sharciyada,10,5,This mobile info system is only a guide. It isn’t the same as complete legal advice. Users should contact a law clinic for complex issues. LHR will not be liable for any loss from actions taken as a result of this service. ,223,"nadaamka akhbaarta e talafoonka maha mid isku mida ah dhamaystirka waano sharciya  istimaalayaashu waxay la xidhiidhayaan  sharci caawiyaha sida xarumaha muwdhuucyada h,sh.adamaha mana diyariyaan kaliya ficilada e waxay ku xidhantahay  najiidada adeegan",253,259,,,
,,,,Read T&Cs,9,udiyaar garawga nadamka iyo shurucda,36,Confidential,12,kalsoonida,10,12,Your registration and personal details are confidential and safe. These details will only be used when you’ve made a follow up request or report to Lawyers for Human Rights. ,174,diwaan galinta iyo qaabka sharaxaadu waa amaan waxaana istimalaya kaliya marka aad dhamayso lana soco halkan wa codsi ama wargalin sharciyaqaanada u dooda xuquuqda adamaha,171,210,,,
,,,,Read T&Cs,9,udiyaar garawga nadamka iyo shurucda,36,Costs,5,qiimaha,7,5,"The registration for this service is free, as is the actual mobile application. You will only be charged according to USSD data fees per their usage. ",150,diwaan galinta adeega waa bilaash  runtii moobilka ayaa laga codsadaa waxayna ku xidan tahay inta u kaa goosto baaqi hayaha telefonkaagu wakhtiga aad istimaalayso,162,186,,,
,,,,Read T&Cs,9,udiyaar garawga nadamka iyo shurucda,36,Termination,11,joojinta ama dhamaynta,22,11,"This service is brought to you by Lawyers for Human Rights, and LHR reserves the right to terminate the usage of this service if you or any user is deemed to be abusing it. ",173,adeegu waxuu kaaaga yimid sharci yaqaanada u dooda ququuqda adamaha sidoo kle shxuquuqda  adamhu waxay istimaalaka adeega si sharciya loomana baahna in aad u isticmaasho si xadgudub ah,184,209,,,
,,,,,,,,Back,4,kanoqo,6,4,,,,,,,,
,,,,,,,,,,,,57,,,,,,,,
,,,,About LHR,9,arimaha khuseeya hayada qux. adamaha,36,What is LHR?,12,waa maxay H.X.IYO SHARCIYADA,28,12,"Lawyers for Human Rights is a NGO. We aim to promote awareness, protection and enforcement of legal and human rights. Our services are free of charge subject to the means test.",176,sharci yaqaanada  udooda quqquda adama waa hayad aan dawli ahayn waxaan caawinaa cida aan u aqoonsano in u bahantahy  adeeganagu waa bilaash qudobee ama tijaabi si aad u hubiso,176,212,,,
,,,,About LHR,9,arimaha khuseeya hayada qux. adamaha,36,Contact LHR,11,wachayada xuquuda e sharciyaqanada,34,11,"Should you require more information or assistance, please visit www.lhr.org.za or call Lawyers for Human Rights on 011-339-1960 or 012-320-2943.",144,miyaad dalbanaysaa wax caawin ah ama miyaad qabtaa  wax su aal ah fadlan booqo www.lhr.orh.za wac sharciyaqaanada u dooda xuquuda adamaha 11-339-1960 ama 012-320-2943,166,180,,,
,,,,,,,,Back,4,kanoqo,6,4,,,,,,,,
,,,,,,,,,,,,39,,,,,,,,
Change settings,15,,0,,,,,,,,,,,,,,,,,
,113,,,,,,,,,,,,,,,,,,,