English Content,Character Count,Traduction en Français,Character Count,English Content,Character Count,Traduction en Français,Character Count,English Content,Character Count,Traduction en Français,Character Count,Answers,Character Count,Traduction en Français,Character Count,Chr Count for SMS,Chr for USSD Screens,,
,,,,Safety/Children,15,Sécurité/Enfant,15,Xenophobia,10,Xénophobie,10,"Xenophobia is an irrational hatred towards foreigners or an unreasonable fear or hatred of the unfamiliar persons. If you are a victim of xenophobic attacks, you must report it to the police. Go to the police station closest to your home. You must explain in detail what happened. The police will open a case. You will get a case number. Keep it safe! If you’ve lost your document, get an affidavit from the police that explains your situation. Go to the RRO for a new permit.",476,"La xénophobie est une haine irrationnelle contre les étrangers ou peur injustifiée envers les étrangers. Victime de xénophobie, veuillez rapporter  l'incident à la police proche de vous. La police ouvrira un dossier et vous donnera le numero du cas pour le garder attentivement. En cas de perte de document, faites un affidavit à la police, expliquez votre situation.Rapporter au bureau du RRO pour votre nouveau permis.",420,476,512,,
,,,,Banking,7,Service Bancaire,16,Opening an account,18,Ouvrir un compte,16,"You must be 16 years or older with a valid passport and visa. You must have proof of residence: a rental contract, telephone/utility bill in your name. You need to prove your income with a payslip or affidavit. It may be difficult to open a bank account in SA. Even if you have the right documents, the bank can decide if they want to give you an account or not. You can also ask a legal counsellor to assist.",409,"Vous devez avoir au moins 16 ans, un passeport valide et le visa, preuve de votre lieu de resisence comme les factures de téléphone/ eau etc qui a vos noms. Vous donnerez la preuve de votre revenue avec la fiche de paie ou une affidavit.Ça peut vous être difficile d' ouvrir un compte en RSA meme avec les documents complets. La banque peut décider pour vous ouvrir ou non un compte.Vous pouvez consulter les conseillers juridiques pour assister.",446,409,445,,
,,,,Temp visas,10,Les visas temporaires,21,New Business,12,Nouvelles affaires,18,Business: When you want to open a business or become part of a business in SA. You will need to invest money first into the business venture. You will need to check what the requirements are.,191,Affaire:Quand vous voulez entreprendre des affaires  ou travailler en partenariat en RSA. Vous d'abord investir un capital du projet d'entreprise.Veuillez vérifier les conditions qui peuvent exigées.,199,191,227,,
,,,,Permanent Residence,19,Résidence permanente,20,Where to apply,14,Où faire la demande,19,"After completing the online form, you need to apply at VFS centre in Durban, Cape Town, Port Elizabeth, Joburg, Pretoria, Rustenburg, Kimberley, Polokwane, Nelspruit, George or Bloemfontein. ",191,"Après avoir completé l' application en ligne, veuiller postuler au centre VFS à Durban,Cape Town,Port Elizabeth, Johannesburg, Prétoria, Rustenburg, Kimberley, Polokwane, Nelspruit,George ou Bloemfontein.",204,191,227,,
,,,,Apply for visa,14,Faire une demande de visa,25,Where to apply,14,Où faire la demande,19,"After completing your online form you will need to apply at a VFS visa facilitation in Durban, Cape Town, Port Elizabeth, Johanneburg, Pretoria, Rustenburg, Kimberley, Polokwane, Nelspruit, George or Bloemfontein. 

",216,"Après avoir completé votre formulaire en ligne,vous devrez faire la demande à VFS visa faclliltation à  à Durban,Cape Town,Port Elizabeth, Johannesburg, Prétoria, Rustenburg, Kimberley, Polokwane, Nelspruit,George ou Bloemfontein.",230,216,252,2 SMSs (161-319 charaters),2 Screens (181-360 charaters)
,,,,Read T&Cs,9,Lisez les T&Cs,14,Termination,11,Terminer,8,"This service is brought to you by Lawyers for Human Rights, and LHR reserves the right to terminate the usage of this service if you or any user is deemed to be abusing it. ",173,Ce service vous est offert par lles Avocats du Droit de l'Home (LHR)and LHR se réserve le droit de stopper l' usage de ce service si vous ou tout autre utilisateur en abuse.,173,173,209,,
,,,,Permanent Residence,19,Résidence permanente,20,Online Application,18,Faire une demande en ligne,26,Complete a BI-947 online application for the correct visa type and book an appointment for your nearest VFS centre by visiting http://www.vfsglobal.com/dha/southafrica/index.html,178,Complétez un BI-947 en ligne pour le type de visa et prenez un rendez-vous au centre VFS proche de vous. Visitez://www.vfsglobal.com/dha/southafrica/index.html,159,178,214,,
,,,,Apply for visa,14,Faire une demande de visa,25,Online Application,18,Une demande en ligne,20,"You need to complete a DHA-1738 online application for the correct visa type and book an appointment for your nearest VFS centre by visiting http://www.vfsglobal.com/dha/southafrica/index.html

",194,"Completez a DHA-1738 demande en ligne pour le type de visa ,http://www.vfsglobal.com/dha/southafrica/index.html pour réserver un rendez-vous au centre VFS proche de vous.",170,194,230,1 SMS (<160 characters),"1 Screen (<180 characters) Too few characters, Back navigation won't show. "
,,,,LGBTI & VAWC,12,LGBTI & VAWC,12,LGBTI Help,10,L' assistance des personnes LGBTI,33,Contact Lawyers for Human Rights (LHR) or another legal organisation if your claim isn’t treated with sensitivity and respect. www.lhr.org.za; 011-339-1960 or 012-320-2943.,172,Contacez LHR ou autre organisation juridique si votre demande n' est pas traité respecté et sensitivit .Visitez: www.lhr.org.za;011-339-1960 ou 012-320-2943.,157,172,208,,
,,,,Temp visas,10,Les visas temporaires,21,Critical Skills,15,Connaissance essentielles,25,Critical skills: When your skills are needed in SA. These skills are usually specilaised skills. To see if you have one of the skills visit http://bit.ly/1JGvPoA and view page 12. ,180,Connaissances Critiques: Lorsque vos connaissances sont dans le besoin en RSA. Ce sont souvent des connaissances de spécialisation recherchées en RSA. Veuiller visite http://bit.ly/1JGvPoA pour voir si vous qualifiez; aussi voir la page12.,239,180,216,,
,,,,Temp visas,10,Les visas temporaires,21,Exchange,8,Echange,7,Exchange: When you are younger than 25 years of age and you would like to take part in an exchange programme between your country and South Africa. ,148,Echange: Si vous l' âgée de moins de 25 ans désirant faire partie Programme d' échange entre votre pays et l' Afrique du Sud. ,126,148,184,,
,,,,Education,9,Education,9,School,6,Ecole,5,"A creche is a preschool daycare centre for ages 1-6. Primary school: 7-13. Secondary school (academic or technical): 13-19. If you can't pay the fee, ask to work in exchange for a cheaper fee. Your child must have a visa and passport to be in SA. Children in SA must go to school – it’s the law. Tip: School age groups are flexible, so a child might be older than their classmates, but most government schools don't allow students to be 2yrs older than the grade’s age group.",475,"Maternelle: Education gardienne des enfants de 1 à 6 ans. Primaire: 7 à 13 ans.Sécondaire (academique ou technique): 13 à 19 ans.Si vous n'êtes pas a mesure de payer les frais scholaires, demandez de travailler à l' école pour payer moins. Votre enfant devra avoir un passepoert valide et un permis d'étude en RSA. La loi en RSA oblige les enfants à étudier. Conseil: Le groupe d' âge scolaire est fléxible, ainsi les enfant de de differnt ages peuvent etre dans une meme classe; mais la plus part des écoles publiques ne permettent pas la difference de 2 ans pour les enfants d'une meme classe.",595,475,511,,
,,,,Temp visas,10,Les visas temporaires,21,Corporate,9,Entreprise,10,Corporate: Groups of factory or farm workers can apply for corporate worker visas. You will need a copy of the main corporate visa application. ,144,Entreprise: Les ouvriers des usine et les fermiers peuvent faire leurs demandes de permis de travail. Vous devriez avoir la copie de la demande principale du visa d' entreprise.,177,144,180,,
,,,,Temp visas,10,Les visas temporaires,21,Study,5,Etude,5,"Study: If you are a student and want to study in South Africa. You will be allowed to work while you're studying, but certain rules will apply to you.",150,"Etude: Si vous désirez étudier en RSA.Vous serez permis de travailler pendant que vous étudiez, mais vous aurez à appliquer certains réglement. ",144,150,186,,
,,,,Work,4,Travail,7,Own Business ,13,Vos affaires,12,There are different types of business permits you can get. You will be required to invest a prescribed financial capital contribution. Please go to http://www.vfsglobal.com/dha/southafrica/ for more info.,204,Il y a plusieurs types de permis d'affaire.Vous serez demandés d' investir un capital requis. Veuillez visiter: http://www.vfs.com/dha/southafrica/ pour plus d' info.,166,204,240,,
,,,,Arrest,6,Detention,9,What to do if arrested,22,Que faire lorsqu' on vous arrête?,33,"There are legal ways out of your arrest. It may take time. Ask to speak to a lawyer. It is your right.  If you are arrested and have a valid visa, ask a friend or family to give copies of your valid documents to the DHA. Remember: You have the right to get legal representation if you are arrested. Tip: If you go to a magistrate’s court, you can ask for ‘legal aid’. You will be able to speak to a lawyer for free.",415,"Il ya des procédures légales  pour vous libérer en cas d'arestation. Demandez de parler avec votre avocat ou demander à un ami d' apporter la copie de votre  valide permis, si vous en avez, au DHA.Un représentant juridique vous est permis en cas d'arrestation.Conseil: Au tribunal vous pouvez demander un avocat, à qui vous parlerez gratuitement.",346,415,451,,
,,,,Apply for visa,14,Faire une demande de visa,25,When to apply,13,Quand faire la demande,22,"Immediately, as you could be prosecuted without a visa. Applications should be made at least 60 calendar days prior to expiry date of your passport and visa/permit.

",166,Immédiatement que vous pourriez être prosécutés sans visa. Faites les applications au moins 60 jours calendaires avant la date d' expiration de votre passport et visa/permis.,174,166,202,3 SMS (321 - 480 characters),3 Screens (361-540 characters)
,,,,LGBTI & VAWC,12,LGBTI & VAWC,12,Abuse help,10,Assistance en cas d'abus,24,Abuse is illegal in SA. Get free legal help from selected women and children’s organisations or call the toll-free helpline on 0800-150-150 for help and counselling.,165,L' abus est illégale en RSA.Prenez une assistance juridique gratuite des organisations selectionéese pour les femmes et enfants ou  apppelez au 0800150150 pour une assistance ou l'accompagnement.,195,165,201,,
,,,,Permanent Residence,19,Résidence permanente,20,Interview,9,Interview,9,Application requires an interview with Home Affairs officer at VFS centre when submitting your application form. Married couples/partners must both sign form and attend interview together.  ,190,L' application nécessite un interview  au centre VFS quand vous déposez votre formulaire. Mariés/Parternaires doivent tous signer sur le formulaire et ensemble participer a l'interview.,185,190,226,,
,,,,Education,9,Education,9,Application,11,Application,11,"Your child must have at least a birth certificate, clinic card or old report card to register.  There'll be conditions for your child to attend school during your stay in SA. Register for a primary school closest to your house. English not good? Take a friend with who can help. Schools get full quickly so apply early (from July). If the school closest to your house is full, the school must show you another school that can help. If you struggle to register, the school close to your house must refer you to the Dept. of Education (DOE). If the school refuses admission, ask for a letter on their letterhead signed by the principal and take it to the DOE. Still can’t find a school? Contact a social service provider for education or LHR. More info on the contact list.",771,"Votre enfant devra avoir un document légal qui l' identifie, comme certificat de naissance, carte de clinic etc. Il y a des conditions pour votre enfant de frequenter l' école quand vous etes en RSA. Faites enregistrer votre enfant a l'école primaire proche de votre résidence. Si vous avez le problem d'anglais,, prenez un ami pour vous assister. L'inscrition se fait en juillet et les places sont souvent limitées. Si l' inscription est clôturée ou on le refuse,contactez une autre école, le DOE, un service social pour l'réducation, ou LHR. Plus d' info sur la List de Contact.",580,771,807,,
,,,,Read T&Cs,9,Lisez les T&Cs,14,Costs,5,Coûts,5,"The registration for this service is free, as is the actual mobile application. You will only be charged according to USSD data fees per their usage. ",150,"L' enregistrement de ce service est gratuite, comme l' actuelle demande sur le cellphone. Vous serez seuleument chargés selon les  frais des données d' USSD par leurs consommation.",180,150,186,,
,,,,Read T&Cs,9,Lisez les T&Cs,14,Guide,5,Guide,5,This mobile info system is only a guide. It isn’t the same as complete legal advice. Users should contact a law clinic for complex issues. LHR will not be liable for any loss from actions taken as a result of this service. ,223,"L' info sur le mobilephone n'est qu' un guide.Ce n' est pas aussi complet qu' une consultation juridique. ""utilisateur devrait voir le bureau des avocats pour les cas complexes. LHR n' est pas responsable de toute perte par suite de ce service",243,223,259,,
,,,,Safety/Children,15,Sécurité/Enfant,15,Place of safety,15,Un lieu sécurisé,16,"The social worker will verify the child’s placement in a temporary place of safety. A report must be compiled. If the child is a migrant, the social worker must try to find and reunite the family in the country of origin. If the family can’t be located and the child can’t be returned home, you must contact a legal counsellor. This is important: children must get documented as soon as possible, otherwise they risk becoming stateless.",436,"L' assistant social vérifiera le placement de l' enfant dans un endroit temporaire securisé et fera un rapport. Si  l'enfant est imigrant, le travail social va essayer de retrouver ses origines, ses parents en vue de la réunification familiale dans le pays d'origine. En cas d'échec, il faut contacter les conceillers juridiques. Ceci est important: Les enfants doivent etre urgement documentés avant qu'ils ne deviennent apatrides.",432,436,472,,
,,,,LGBTI & VAWC,12,LGBTI & VAWC,12,LGBTI rights,,Les droits des personnes LGBTI,30,"SA’s constitution protects the rights of Lesbian, Gay, Bisexual & Transgender individuals (LGBTI). LGBT victims of unjust treatment must go to the police. LGBT victims of hate speech may lay a complaint with the SAHRC or approach the Equality Court for relief. ",261,"La constitution de la RSA protège les droits des LGBTI.Un LGBT abusé devra se plaindre à la police, au SAHRC ou voir le Tribunal d'Egalité pour l'assistance. ",158,261,297,,
,,,,Apply for visa,14,Faire une demande de visa,25,General info,12,Information en générale,23,"There are 14 types of temporary residence visas. Know your type before you start the online application. See the 'Visa Types' section or visit http://www.vfsglobal.com/dha/southafrica/index.html for more info, or call VFS 012-425-3000.

",237,Il y a 14 sortes de visas temporaires en RSA. Reconnaissez la votre avant d'initier la demande en ligne. Sélectionnez: Type de Visa ou visitez http://www.vfsglobal.com/dha/southafrica/index.html ou appelez le VFS: 012-425-3000.,227,237,273,Key for Chr Count for SMSs,Key for Chr Count for USSD Screens (- character count calculation includes navigation which totals 36 characters max)
,,,,Apply for visa,14,Faire une demande de visa,25,Process time,12,Temps du traitemnent,20,"Depending on the category of visa, the process time varies. Temporary residence permit applications have a minimum processing time of 8-10 weeks.

",147,La durée du traitement varie selon les types de visa. La demande du permis de la résidence temporaire à un minimum de 8-10 semaines de  traitement.,147,147,183,,
,,,,LGBTI & VAWC,12,LGBTI & VAWC,12,LGBTI Safety,12,Sécurité des personnes LGBTI,28,The Refugee act states that the LGBTI group can get protection if they are persecuted for their sexual orientation. Don’t be afraid to disclose your sexual orientation when applying for asylum. The RRO must treat your claim with confidentiality. ,246,L' Acte des réfugiés dit que les LGBTI persécutés pour leur choix peuvent trouver la protection. N' ayez pas peur de révéler votre orientation sexuelle lors de la demande d'asile. Le RRO devra traiter votre information avec confidentialité.,240,246,282,,
,,,,Education,9,Education,9,School fees,11,Frais scolaires,15,"If you can’t pay school fees, ask the school to reduce them by completing an exemption form. You must show proof of income (payslip/affidavit/letter of support) & give info on your expenses & responsibilities. Apply for exemption at the start of each term. Keep all letters & appointments with the school. If you ignore notices the school can make you pay. Find a NGO in the contact list for help with the form. Uniforms & learning materials also cost money. If you can’t afford a uniform, your child can wear clothes that resemble it, but must still go to school. Second-hand uniforms are cheaper. Ask at the school. You shouldn’t pay a registration fee. Public schools can’t ask your child to leave if you can’t pay.",718,"La réduction du minerval exige la preuve du revenu au début de chaque trimestre pour les parents / gardiens qui ne peuvent pas payer les frais scolaires, il faut demande l'école pour ce service avec les documents y relative exigés. Veuiller bien traiter des lettres de l'école, en les ignonat, vous pouvez etre traduits en justice. Trouver l'ONG sur la liste des contactes pour vous assister avec quelques besoins comme l'uniforme, livres, ou frais scolaires. Si vous pouvez pas payer l'uniforme, votre enfant doit aller a lé'cole avec les habits de couleurs de l'uniforme mais doit y aller. 
Les écoles de l' état inscrit gratuitement les enfants; vous ne devriez pas y payer les frias d'inscritpion.",701,718,754,,
,,,,Your Rights,11,Vos droits,10,LGBTI,5, Les personnes LGBTI,20,"SA’s Constitution protects the rights of Lesbian, Gay, Bisexual & Transgender individuals (LGBTI). LGBT victims of unjust treatment must go to the police. LGBT victims of hate speech must lay a complaint with the SAHRC. Ask for legal assistance if you’re struggling to lodge your claim. Go to the contact list for more info. For LGBTI support in Johannesburg: GALA 011-717-4239. In Pretoria: Out Wellbeing 012-430-3272. In Durban: Gay & Lesbian Network 033-342-6165.

",468,"La loi en RSA protège les droits des lesbien(ne)s. Un LGBTI abusé devra rapporter à la police, un LGBTI injurié devra faire une plainte au SAHRC. Un avocat peut l' aider à faire sa plainte en cas de difficultés. Voyez La Liste de Contact pour plus d' info. Pour le soutien des LGBTI Contactez GALA à Johannesburg: 011 717 4239/Pretoria; Out Welling: 012 430 3272/ Durban; Gay & Lesbien Network: 0333426165.",406,468,504,,
,,,,Your Rights,11,Vos droits,10,Arrest,6,Detention,9,"Valid permit holders are safe from arrest or detention, unless you break the law. You will need to provide proof or your temporary or permanent residence visa.",159,"Le titulaire d' un permis valide est hors d' une arrêstation, sauf si vous ne respctez pas la lois.Vous devriez présenter votre permis de residence ou visa.",156,159,195,,
,,,,Arrest,6,Arrêtez,7,Arrest/Detention,16,Arrêtés/Détention,17,"Valid permit holders are safe from arrest/detention unless you break the law. There are other exceptional circumstances. Police/immigration officials may request proof of your regularised stay in SA, or you may be arrested/detained. If arrested, you must prove you're allowed to be in SA with a valid visa. You'll go to a police station until the DHA verifies your ID within 48hrs. Never bribe an officer to avoid being arrested or get out of jail. This is against the law!",473,"Les titulaires d' un permis valide sont protegés contre la detention arrêstation, à moins que vous ne respectez pas la loi. Présentez votre permis à la police/ officiers d' immigration ou la poice quand ils vous le demande.Si vous n' avez pas votre permis, ils vous arrêtent. On vous détient pendant 48 heurs pour verifier votre identité avec DHA en RSA.Ne corrompez pas pour éviter la prison.C' est contre la loi.
",415,473,509,,
,,,,About LHR,9,À propos au LHR,15,What is LHR?,12,Qu' entendez-vous par LHR,25,"Lawyers for Human Rights is a NGO. We aim to promote awareness, protection and enforcement of legal and human rights. Our services are free of charge subject to the means test.",176,"Le LHR est une ONG dont le but est de promouvoir la conscientisation, protection et le renforcement des droits humains. Nos services sont gratuits a conditions de test des moyens.",179,176,212,,
,,,,Education,9,Education,9,Special needs,13,Les besoins spéciaux,20,Children with special learning needs can go to a special education school. Contact the Departmenr of Education and ask about schools. Placing your child in a special education school is a long process. Get your child on a waiting list as soon as possible.,255,les enfants avec des besoins educationnels spéciaux  peuvent aller dans des écoles spéciales.Contacez le DOE à ce propos.L' inscription peut etre un long processus.Mettez votre enfant sur la liste d' attente le plus tot possible.,229,255,291,,
,,,,Safety/Children,15,Sécurité/Enfant,15,Children without parent/guardian,32,Les enfants sans parents/guardiens,34,Children without a parent or guardian must be referred to the Department of Social Development. A social worker will be assigned to the child. The social worker will go to the Children’s Court. The court will confirm if the child is in need of care.,249,Les enfants seuls sont rapportés au Département du Developement Social.Un assistant social sera assigné à l' enfant et ira au tribunal des enfants où on lui dira les besoins de l'enfant.Le tribunal confirmera si l'enfant a besoins des soins nécessaires pour les enfants.,270,249,285,,
,,,,LGBTI & VAWC,12,LGBTI & VAWC,12,Abuse Rights,12,Ddroits en cas d'abues,22,"Women and children have the right to live free from physical, verbal or sexual abuse. All types of abuse must be reported to the police. Remember: a protection order can prevent more violence. Violence can mean intimidation, physical, sexual or verbal abuse, being threatened with abuse or when you lose your freedom. Abuse by men or women is not acceptable and you can report them.",382,"Les femmes et les enfants ont le droit de vivre sans être sexuellement, verbalement ou physiquement abusés.Tout genre d' abus devra être rapporté a la police. Une ordonnance de protection peut proteger contre plus d' abus. Les abus par les hommes ou les femmes ne sont pas tolérés et doinvent etre rapportés",307,382,418,,
,,,,Arrest,6,Detention,9,Conditions,10,Conditions,10,The immigration/DHA officer should verify your documents in 48hr or release you. You must carry your docs on you or the officer must help you find it. You have the right to a phone call to get copies of your permit. The officer must try to confirm your status with the DHA. It’s your right to write a statement to the DHA if you disagree with the decision to detain/deport you. You can’t be detained for more than 30 days unless the court has a warrant. You may write a statement to the judge. The court must inform you of its decision in writing.,547,Les officiers d'immigration/DHA vérifierons votre permis pendant 48 heurs et vous libèreront.Vous devriez avoir votre permis avec vous ou l' officier vous aidera à le retrouver.Vous avez le droit à un coup de fil pour avoir la copie de votre permis et le droit de faire une déclaration écrite au DHA pour réfuser la détention/ déportation.La détention ne peut pas etre de plus de 30 jours à moins que le tribunal ait émis un mandat. Vous pouvez écrire un declarstion  au juge. Le tribunal doit vous répondre par écrit de la décision prise.,539,547,583,,
,,,,Temp visas,10,Les visas temporaires,21,Visitor,7,Visiteur,8,"Visitors' visas are for short visits to South Africa for the purposes of travelling, doing business, visiting family or friends, or attending sports events. ",157,"Les visas des visiteurs sont pour un court séjours en RSA dans le but de voyager, affaires, visite familiale ou amis, ou pour participer  aux évènements sportifs. ",163,157,193,,
,,,,More visas,10,Plus de visas,13,Medical care,12,Soins médicaux,14,Medical: When you travel to SA for medical care. You can’t work or stay longer than 3 months. You must be able to pay for the treatment. ,137,Médical: Quand vous venez en RSA pour les soins médicaux.Vous ne pouvez ni travailler ni y rester plus de 3 mois.Vous devez être en mésure de payer pour votre traitement.,170,137,173,,
,,,,More visas,10,Plus de visas,13,Relative,8,Parenté,7,Relative: When you are a direct family member of a South African citizen or someone who is a permanent resident of South Africa. ,129,Parenté: Quand vous êtes parentés à un sud-africain ou a une résident permanent  de l' Afrique du Sud.,102,129,165,,
,,,,Apply for visa,14,Faire une demande de visas,26,Paying fees,11, Payer les frais,16,"Pay by EFT, credit/debit card at centre or prepayment at a Standard Bank branch. Account name: VFS VISA PROCESSING SA (PTY) LTD; Bank: STANDARD BANK; Branch Code: 011545; Account number: 002012731",196,Payez avec une carte de crédit/ EFT ou à STANDARD BANK.Nom du compte:VFS VISA PROCESSING SA(PTY) LTD; Code de la branche: 011545; Le numero du compte: 002012731  ,162,196,232,,
,,,,More visas,10,Plus de Visas,13,Retired person,14,Les gens Pensionnés,19,Retired person: When you are elderly and want to retire in SA. There will be financial requirements which you would be required to meet.,136,Les gens Pensionnés: Quand vous êtes une personne âgée voulant avoir une pension en RSA.Il y aura des conditions financières que vous devriez remplir.,150,136,172,,
,,,,Visa Issues,11,Les visas émis,14,Transfer Visa,13,Visas transféré,15,"Lost or stolen passport? Transfer your temporary residence visa to your new passport. Apply for a transfer of temporary residence visa at a VFS visa centre.

",158,Perte ou vol de passport? Transferez votre visa de la  résidence temporaire dans un nouveau passport. Demandez un transfère de visa de la résidence tomporaire au centre VFS. ,174,158,194,,
,,,,LGBTI & VAWC,12,LGBTI & VAWC,12,Protection,10,Protection,10,"If you’re afraid of more violence or feel threatened, you can go to court and get a protection order. You don’t need a lawyer. A protection order can order your abuser to stop abusing you, to stay away from you or force him/her out of your home. Documents like medical reports and photos of your injuries can help your abuse case.  If there’s enough proof of abuse, you’ll get an interim protection order and suspended warrant of arrest. ",438,"Prenez une ordonnance de protection au tribunal si vous avez peur de plus de violences ou abus. Pas bespoin d'u avocat, l'officier de protection peut donner l'ordre de stopper l'abus et de rester toujours d' une certaine distance de la victime. Les preuves comme le rapport médical, blessures, photos etc vous aident  dans le procès et on vous donne une ordonnance de protecion provisoir et un mandat d'arrêt suspendu si les preuves sont convainquantes. ",454,438,474,,
,,,,Qualifying for permanent residence,34,Qualifiés de résident permanent,31,Requirements,12,Conditions,10,You qualify for permanent residence if you've had a work/spousal visa for 5 years OR you are a child under 21 of someone with permanent residence OR you are a child of a citizen.,,Vous qualifiez pour la résidence permanentesi vouz/ et ou votre conjoint  aviez le visa de travail pour 5 ans; ou enfant de moins de 21 ans d' un resident permanent ou enfant du citoyen. ,187,178,214,,
,,,,LGBTI & VAWC,12,LGBTI & VAWC,12,Report abuse,12,Rapporter un cas d' abus,24,"If you or your child suffers from abuse, you must report it to the police. The police will open a criminal case. You must make a statement. You’ll get a case number. An officer will investigate your case. Some police stations have special units for domestic violence, sexual offences and child protection. Go to a police station close to your home. If you don’t, your case will take longer to process. You’ll go for a medical examination and counseling.",453,"Rapportez votre abus ou celui de votre enfant à la police qui ouvrira un dossier sur l' affaire criminelle et vous en remettre le numéro apres avoir fait une declaration. l'officier va enqueter sur votre cas; certaines stations de police ont des unités spéciales pour les violence domestiques, officences sexuelles et protectio de l'enfant. Ouvrez le cas a la police proche de vous si non votre cas prendra longetmeps. Vous irez pour un examen médical et accompagnement.",470,453,489,,
,,,,Your Rights,11,Vos droits,10,Abuse,5,Abus,4,"If you are a victim of abuse, report it to the police.  Remember: a protection order can prevent more violence. Violence can mean intimidation, physical, sexual or verbal abuse, being threatened with abuse or when you lose your freedom. Abuse can happen when men feel angry or powerless. Get free legal help from selected women and children’s organisations or call the toll-free helpline on 0800-150-150 for help and counselling.

",431,"Rapportez un abus à la police en cas d'abus tels que intimidaation, abus sexuelle, physique ou verbal. L'abus peut avoir lieu si l'home est en colere ou dans une position de faiblesse. Obtenez une assistance gratuite jurique des organisations des femmes et enfants au 0800150150.",279,431,467,,
,,,,Visa Issues,11,Les visas émis,14,Fix mistake,11,Réctifier une erreur,20,"Recitfication: fix a mistake on a temporary visa. You can fix a mistake at any VFS office in SA. You may have to pay a fee for this correction.

",145,Réctification: Réctifiez une erreur sur un visa temporaire. Vous pouvez la réctifier dans n'importe quel bureau de VFS en RSA.Vous pourriez payer un montant pour cette correction.,179,145,181,,
,,,,Apply for visa,14,Faire une demande de visa,25,Collection,10,Collection,10,"Collect at VFS or have representative collect. Applicant's passport is needed. The representative also needs an authorisation letter with the applicant's name, passport no., signature, own name, ID no. and copy of ID.",217,"Veuillez ou votre representant collecter au burea de VFS .Votre representant devra avoir une lettre d 'authorisation avec le nom de l' appliquant, no du passeport, signature, no d' ID et la copie de l' ID.",205,217,253,,
,,,,Apply for visa,14,Faire une demande de visa,25,Docs required,13,Document exigés,15,Appointment confirmation; visa fees receipt; valid passport/travel document; copy of passport; printout of completed online application form; and all supporting documents. ,172,"Rendez-vous confirmé; reçu des frais de visa, passport valide; copie de passport; formulaire de la demande de visa imprimé en ligne; et tous les autres documents à l' appui.  ",175,172,208,4+ SMS (481+ chr),4+ Screens (541+ chr)
,,,,LGBTI & VAWC,12,LGBTI & VAWC,12,Disobey P.O.,12,Désobéir à l' ordonnance de protection,38,"If the abuser disobeys the order, you can get him/her arrested. You’ll need to go back to court a second time. Your abuser must also be there. The court will listen to your case. The court may give you a final protection order. If your abuser disobeys the order, he/she can get arrested.",287,"Si l' abuseur devient récidive, vous peuvez le faire arrêter.Retournez au tribunal avec sa presence. Le tribunal écoutera votre cas et on pourra vous une ordonnance de protection finale. Si l' abuseur désobei, il peut être arrêté. ",231,287,323,,
,,,,Statelessness,13,Cas d' apatridie,16,Legal advice,12,Conseils juridiques,19,"If you struggle to register a birth or access nationality in your country of birth, contact Lawyers for Human Rights on 011-339-1960 or 012-320-2943.",149,"Si vous avez des difficultés pour enregistrer une naissance ou pour avoir la nationalité dans votre pays d' origine, contacez LHR sur 011-339-1960 ou 012-320-2943.",163,149,185,,
,,,,Your Rights,11,Vos droits,10,Health,6,Santé,5,"If you have a valid visa you have the right to access medical care at clinics or hospitals. Hospital workers may not know your rights. Inform them. 

",150,"Si vous avez un visa valide vous avez le droit aux soins médicaux dans une clinique ou hôpital. Les travailleurs de l'hôpital peuvent ne pas connaitre vos droits, informez-les.",176,150,186,,
,,,,LGBTI & VAWC,12,LGBTI & VAWC,12,Trafficking,11,Traffic,7,"Human trafficking is a form of modern-day slavery where people are taken to another country under a false act. They’re exploited, can't leave and are tricked with false promises of good jobs and better lives. They're forced to work in brutal and inhumane conditions. Traffickers are dangerous and shouldn’t be confronted. Call the International Organisation for Migration (0800-555-999) or go to a police station if you know of someone who has been trafficked.",460,"Trafic d' humain: c' est l' esclavage moderne, les personnes sont prises dans un autre pays sous une fausse loi. Elles sont exploiées et n'ont pas de liberté de mouvementt. On les promis des bons travaux, une vie meilleure etc. Elles dans des conditions inhumaines. Les auteurs de traffic sont dangeureux et c'est difficile de les confronter. Contacez l'Organisation Internationale Pour Migration / IOM sur (0800555999) ou la police si vous connaissez  un cas.",460,460,496,,
,,,,More visas,10,Plus de visas,13,Treaty,6,Traité,6,Treaty: When there is a deal between South Africa and your home country. You can enter SA to take part in certain activities or programmes. ,140, Traité: Quand il y a une cenvention entre l' Afrique du Sud et votre pays d' origine.Vous pouvezentrer  en RSA pour participer dans certaines activités ou programmes.,167,140,176,,
,,,,Temp visas,10,Les visas temporaires,21,Work transfer,13,Transfert de tavail,19,Intra company work transfer: This is when the company you work for in your home country sends you to work in their South African branch of their offices.,153,Transfère de travail entre société.C' est quand la même société pour laquelle vous travaillez dans votre pays d' origine vous envoie travailler dans une de leur branche en RSA.,176,153,189,,
,,,,Temp visas,10,Les visas temporaires,21,General work,12,Travail général,15,"General work: This allows you to work in SA. You need to prove you have work and meet other conditions, or it will expire after 6 months. ",138,"Travail général: Ceci vous permet de travailler en RSA.Vous devez prouver que vous avez un travail et remplissiez les autres conditions, au cas contraire ça va expirer après 6 mois ",181,138,174,,
,,,,Visa Issues,11,Les visas émis,14,Legal Help,10,Assistance juridique,20,"If you have visa application problems, a lawyer can help with the process. Know your rights! If you need general legal help with an immigration issue you must hire a private lawyer. TIP: Always ask about a lawyer’s fees before you accept their services. Tip: Always ensure your lawyer has the right qualifications. If you’re unsure, contact the Law Society of SA on 012-366-8800.",379,"Un avocat peut aider pour la demande de visa si vous avez un problem avec la demande. Reconnaissez vos droits. Si vous avez besoin d'un assistance avec un probleme d'immigration, vous aurez besoin d' un avocat privé. Conseil;: Soyez sûr de des qualifications de l'avocat.En cas d'incertitude, contactez la Societe des Avocats de RSA sur le no 012-366-8800.  ",358,379,415,,
,,,,Your Rights,11,Vos droits,10,Work,4,Travail,7,"As a migrant you need a relevant work visa to work in SA. WIth the right visa you can be employed or run your own business (you will need a business permit).

",159,"Comme immigrant en RSA, vous avez besoin d' un correcte permis de travail avec un visa correct. Vous pouvez etre employé ou avoir votre propre affires ( vous aurez besoins d' un visa d'affaire).",194,159,195,,
,,,,Work,4,Travail,7,Working,7,Travail,7,"As a migrant you need a relevant work visa to work in SA. With the right visa you can be employed or run your own business. If you want to set up your own business in South Africa, you need to have a valid business permit. 

",225,"Comme immigrant en RSA, vous aurez besoin d' un correct permis de travail avec un visa correct pour faire les affaires. Si vous voulez avoir votre propre busineness en RSA, il vous faudra un permis de business.",210,225,261,,
,,,,,,,,,,,,Your SMS will be sent to you shortly. Don't forget to dial back in to *120*8864*1538# to find all the information you need about applying for visas and living in SA.,0,Un SMS vous sera envoyé en peu de temps. N' oubliez pas de recomposer sur *120*8864*1538# pour toute  information sur la demande de visa et la vie en RSA,153,,,,
,,,,Permanent Residence,19,Résidence Permanente,20,Docs required,13,Documents exigés,16,Please see VFS website here http://bit.ly/1T93608 for list of documents needed per visa type. Make sure you have all required documents or your application will be rejected.,173,"Visitez le site du VFS http: //bit.ly/1T93608 pour la liste des documents nécessaires por chaque type de visa.Rassurez-vous d'avoir tous les documents necessaires, si non, votre demande sera rejétée.",199,173,209,,
,,,,Read T&Cs,9,Lisez les T&Cs,14,Confidential,12,Confidentiel,12,Your registration and personal details are confidential and safe. These details will only be used when you’ve made a follow up request or report to Lawyers for Human Rights. ,174,Votre enregistrement et détails personnels sont confidentiels et sécurisés.Vos détails seront seulement utilisés quand vous demanderez un suivi ou rapporterez au LHR.,166,174,210,,
,,,,Education,9,Education,9,University,10,Université,10,"You can study at a university to further your education or change your education from your home country to a SA degree. A university degree can help you to get into the SA job market. Remember: You must have a valid study permit to study in SA, you'll need to apply at the tecknikon or university before you come to SA.",319,"Vou pouvez faire l' université ou autres études en RSA ou changer votre education / qualification du pays en cell de RSA. Un diplôme d' université peut vous faciliter d'acceder le marché du travail en RSA. Il faut avoir le permis d'etude valide pour RSA, l'Inscription pour l'univeriste ou teknicon doit etre faite à partir de votre pays.",338,319,355,,
,,,,About LHR,9,À propos du LHR,15,Contact LHR,11,Contacter LHR,13,"Should you require more information or assistance, please visit www.lhr.org.za or call Lawyers for Human Rights on 011-339-1960 or 012-320-2943.",144,"Voudriez-vous avoir plus d' information ou assistance, visitez www.lhr.org.za ou appelez LHR sur 011-339-1960 ou 012-320-2943",125,144,180,,
,,,,Your Rights,11,Vos droits,10,Education,9,Education,9,"You have the right to basic education in SA. You need a valid study permit. Have a different permit? Check if it allows you to study. Conditions may apply.

",157,Vous avez le droit à l' éducation de base en RSA.Vous devriez avoir un permis d'étude valide. Avez-vous un autre permis? Vérifier si ça vous permet d'étudier.Les conditions peuvent suivre.,188,157,193,,
,,,,Education,9,Education,9,Uni. Tips,9, Conseils sur l' Université,27,You need to pay an international registration & fee as an international student. Each university has therr own processes and will advise you when you apply to study there.,171,Vous devriez payer votre inscription et les charges d' un étudiant international. Chaque université à sa façon d' opérer et elle vous conseillera lorque vous postuler pour y faire l'inscrition.,193,171,207,,
,,,,,,,,,,,,Exit Screen,,Sortir de l' écran,,,,,
Step 1: Visa Application,24,Etape 1: Demande de Visa,24,Step 1: Visa Application,24,Etape 1:Demande de visa,23,,,,,,,,,,,,
,,,,,,,,Back,4,Retournez,9,,0,,,,,,
,,,,,,,,,,,,,1166,,,,,,
,,,,,,,,Back,4,Retourner,9,,0,,,,,,
,,,,,,,,,,,,,1985,,,,,,
,,,,,,,,Back,4,Retourner,9,,0,,,,,,
,,,,,,,,,,,,,3171,,,,,,
,,,,,,,,Back,4,Retourner,9,,4,,,,,,
,,,,,,,,,,,,,5176,,,,,,
,,,,,,,,,,,,,,,,,,,
,,,,,,,,Back,4,Retourner,9,,0,,,,,,
,,,,,,,,,,,,,10360,,,,,,
,,,,Arrest,6,Detention,9,Deportation Centre,18,Centre de Déportation,21,"If you are taken to the Deportation Centre, you may contact a lawyer for legal advice. LHR visits the centre every week. Ask your family to notify Lawyers for Human Rights about your situation and that you need help. If you don’t have legitimate reasons to stay in SA with the necessary documents, you’ll be kept at the centre and deported. Contact Lawyers for Human Rights if your conditions of detention are unsafe or violate your dignity. ",442,"Si on vous prend au centre de déportation, vous pouvez consulter un avocat ou  LHR pour l'assistance. LHR visite le centre chaque semaine. Demandez votre famille d'informer LHR sur votre situatuation et que vous avez besoin de l'assistance. Si vous n'avez pas de raison légitime d'etre en RSA avec les documents necessaires, vous serez retenus au centre puis déportés. Contactez LHR si vos conditions de detention se deteriorent s'elles violent votre dignité.",459,442,478,,
,,,,,,,,Back,4,Retourner,9,,0,,,,,,
,,,,,,,,,,,,,10818,,,,,,
,,,,Useful Services,15,Services Utiles,15,Helplines,9,Ligne telephonique d'ugence,27,DHA: 0800-60-11-90; UNHCR: 012-338-5302; Be Court Wise: 083-229-9440; LifeLine Counselling: 0861-322-322; Corruption: 0800-701-701; CCMA: 0861-16-16-16; Abuse: 0800150150; or 0123-48-1234 or 011-838-0411; Childline: 0800-055-555; AIDS: 0800-012-322 or 0800-110-605; LoveLife: 0800-121-900.,289,DHA: 0800601190; UNHCR: 012 338 5302: Be Court Wise: 0832299440; LifeLine Counselling: 0861322322; Corruption: 0800701701; CCMA:0861161616; Abuse: 0800150150/0123481234/0118380411; Childline: 08000555555; AIDS: 0800012322/0800110605; Lovelife: 0800121900. ,256,289,325,,
,,,,Useful Services,15,Services Utiles,15,Gov Offices,11,Bureaux gouvernmentaux,22,,0,,,,,,
,,,,Useful Services,15,Services Utiles,15,NGOs,4, ONGs,5,,0,,,,,,
,,,,Useful Services,15,Services Utiles,15,Legal,5,Juridique,9,,0,,,,,,
,,,,Useful Services,15,Services Utiles,15,Basic Needs,11,Bésoins Fondamentaux,20,,0,,,,,,
,,,,Useful Services,15,Services Utiles,15,Counselling,11,Counseils socio - pshychologiques,33,,0,,,,,,
,,,,Useful Services,15,Services Utiles,15,Shelters/Food,13,Abris/Nourriture,16,,0,,,,,,
,,,,Useful Services,15,Services Utiles,15,Public Health,13,Santé Publique,14,,0,,,,,,
,,,,,,,,Back,4,Retourner,9,,0,,,,,,
,,,,,,,,,,,,,325,,,,,,
,,,,,,,,,,,,,,,,,,,
,,,,2: Life in SA,13,La vie en RSA,13,,,,,,,,,,,,
,,,,,,,,,,,,,,,,,,,
,,,,,,,,,,,,,,,,,,,
Step 2: Life in SA,18,La vie en RSA,13,,,,,,,,,,,,,,,,
,,,,Work,4,Travail,7,Security/Teacher,16,Sécurité/Enseignant,19,"SECURITY/CAR GUARD: You must register at PSIRA.  Only SA nationals, permanent residents & refugees with immunity can work as guards. TEACHER: If you are a public school teacher you need to check your international teaching qualification with the SA Qualifications Authority (SAQA). The SAQA evaluation doesn’t guarantee a job. Also register with SA Council for Educators (SACE). Go to www.sace.org.za for more info.",415,"Les agents de sécurités/ou gardeins des voitures: Vous devez vous faire  enregistrer avec PSIRA. Les citoyens de la RSA, résidents permanents & réfugiés avec immunités peuvent travailler en RSA comme guardes. Les enseignants des écoles publiques devront évaluer leurs diplômes d'enseignement internationale avec SAQA/SACE. Cette évaluation ne guarantit pas un travail. Veuillez vous enregistrer aussi le Concil des Enseignants(SACE) en RSA. Visitez: www.sace.org.za pour plus d'information.",490,415,451,,
,,,,Work,4,Travail,7,Nurse,5,Infirmier,9,"Migrants with foreign nursing qualifications must register with the South African Nursing Council (SANC). Visit www.sanc.co.za for a list of documents you'll need to submit. If you're already registered back home, you need a SANC affidavit. Your qualification and experience will be evaluated. If you meet the SANC requirements, you must write an entry exam based on your area of competence. If your application is successful, you must submit a registration form and pay a fee.",477,"Les immigrants infirmiers qualifiés devront s' enregistrer avec le Concil des infirmiers / SANC.Visitez: www.sanc.co.za pour plus la liste des documents necessaires pour l'enregistrement. Si vous êtes déjà enregistrés dans votre pays faites un affidavit au SANC. Votre diplôme et expérience seront évalués. Si vous répondez à toutes les conditions du SANC vous passerez un test de compétence. Si votre demande est accepté, vous devez soumetrre un formulaire d'enregistrement et payer  frais requis.  ",500,477,513,,
,,,,Work,4,Travail,7,Doctor,6,Docteur,7,"The Department of Health (DOH) employs foreign doctors with the right qualifications and experience in government hospitals. To register, contact the DOH’s Foreign Workforce Management Programme (FWMP) on 012-312-0467. To register, you need a job offer from a government hospital or health department. Apply for a formal endorsement from FWMP. When you have a job offer and endorsement, apply to register with the Health Professions Council of SA (HPCSA): 012-338-9350.",469,"Le DOH emploi les médecins étrangers ayant un bon diplôme et expérience dans des hôpitaux publiques. Pour enregistrer, veuillez contacter DOH, section des traveilleurs étrangers (FWMP) sur 0123120467. Il vous faudra l'offre d'emploi pour s'enregistrer soit avec h'hopital publique ou departement de la santé, veuillez postuler pour l'approbation de votre offre avec FWMP. Si tout est en ordre, postulez pour l'enregistrement le Conseil des Profeesions de la Santé de RSA (HPCSA)  au HPCSA:0123389350.",500,469,505,,
,,,,Work,4,Travail,7,Discrimination,14,Discrimination,14,"There are laws in SA that protect you from discrimination or unfair treatment when you are at work. Your employer can’t discriminate against you because you’re an immigrant. The law protects you from unfair treatment. The law also protects your minimum working hours, leave, salary and the way you are dismissed.",312,"Il y a des lois en RSA  qui protègent contre la discrimination et les maltraitements au travail.Votre employeur ne peut pas vous discriminer parce que vous êtes étrangers. La loi vous protège des traitements injustes aussi ue votre minimum des heurs de travail, congé, salaire et voie de renvoi du travail.",306,312,348,,
,,,,Work,4,Travail,7,UIF/CF claims,13,Réclarations de l' UIF/CF,25,"You can claim from the UIF if you end up unemployed because you’re sick or have a baby. You need a 13-digit ID number to claim. If you are hurt or become infected with a disease at work and you end up being disabled, the Compensation Fund will pay out money. If you die because of your injuries your dependants will get money. The Compensation Fund will help to pay the medical bills.",384,"Vous pouvez reclamer avec l'IUF (frais de chomage) si vous n'êtes pas employés ou si vous avez un bébé. Vous auez besoin de l'ID - 13 chiffres. Si un accident  vous arrive au travail et que vous devenez infimes, le Fond de Comapensation vous donnera de l'argent. En cas de décès suite à l' accident vos dépendants recevront de l' argent.Le meme fond payera les factures médicaux.",379,384,420,,
,,,,,,,,Back,4,Retourner,9,,0,,,,,,
,,,,,,,,,,,,,2082,,,,,,
,,,,Health,6,Santé,5,Your rights,11,Vos droits,10,Apply for a medical visa in your country before you travel to SA to get medical care. See 'Temporary Visa' section for info. Remember: this visa doesn’t mean you will get free health care. You'll have to pay for it yourself. Already in SA with a visa? You have the right to access medical care services just like anybody else. You can contact LHR when you’ve a problem accessing public health services. ,403,"Faites la demande de visa pour les soins médicaux en RSA à partir de votre pays.Voir la section 'Visa temporaire' sélectionnez l' info. Le visa médical ne vous exclus pas votre payement des soins médicaux. Vous devez payer les frais medicaux requis. Si vous etes en RSA, vous avez droit aux soins médicaux comme tout autre personne.Contacter LHR si vous avez des difficultés pour l' accès aux soins médicaux.",408,403,439,,
,,,,Health,6,Santé,5,Health costs,12,Coûts de santé,14,"People from SADC countries pay the same medical fees as SA nationals. As a SADC national, your healthcare payments will be based on how much you earn. Take the following with you to the hospital: ID; appointment card; payslip/proof of salary; proof of address. If you don’t have the right documents or if you're a non-SADC national, you'll pay the highest fees.",361,"Les citoyens de la SADC payent les même frais médicaux que les citoyens sud-africains, les frais sont calculés sur base de votre revenue. Apportez à l' hôpital: ID,carte de rendez-vous, fiche de paie, preuve de votre domicile. Si vous n' avez pas ces documents ou si vous n' êtes pas de la SADC, vous payerez plus chèr.",319,361,397,,
,,,,Health,6,Santé,5,Clinic/Hospital,15,Clinique/Hopital,16,"Clinics provide treatment/medicine, mostly free. Make an appointment at your nearest clinic, unless it’s an emergency. Take your valid Section 22/24 permit. If you’re still waiting for yours, ask an NGO for a letter (see ‘Useful Services’). To go to hospital, you need a letter from the clinic unless it’s an emergency. Can’t pay the public hospital fees? Get an affidavit from the police to explain, or contact an NGO. DON’T go to a private Dr/hospital if you can’t pay the fees.",480,"Les cliniques prévoient souvent le traitement/médicament gratuit. Prenez un RDV au clinique proche de vous, si ce n' est pas urgent. Apportez votre permis section 22/24 qui est valide. Si vousn'en avez pas encore, demandez à une ONG (voir services utiles) une lettre. Vous avez besoin d' une letrre de clinique pour l' hôpital sauf en cas d'urgence. Si vous ne pouvez pas payer les frais de l'hopital publique, faites un affidavit à la police ou contactez une ONG. N' allez pas chez un médecin privé/hôpital sans argent.",520,480,516,,
,,,,Health,6,Santé,5,Trauma Help,11,Trauma Assistance,17,Suffering traumatic events (abuse/violence/natural disaster) can lead to Post-Traumatic Stress Disorder (PTSD). Signs of PTSD: struggling to sleep/concentrate; nightmares; flashbacks; anxiety; helplessness; fear. Share your story if you have PTSD. In counselling you’ll talk about your experience/feelings. Visit the Trauma Clinic in Joburg or Trauma Centre for Survivors of Violence & Torture in Cape Town. There are other trauma clinics in SA. See ‘Contact List’ for more info.,479,"Si  vous soufrez de l'évenement traumatic,( desastre natruel,abus etc) qui peuvent aboutir à avoir des signes de la SSPT. Partagez votre problème si vous en souffrez. Pendant l'accompagnement (counselling), vous parlerez de votre experience. Contactez le Clinique de rauma à Johannesburg ou le Cntre des survivants de la violence de Cape Town.Il y a des autres centres similaires en RSA, voir la 'Liste de Contact' pour plus d'info",431,479,515,,
,,,,Health,6,Santé,5,HIV/Aids,8,VIH/Sida,8,"HIV can go unnoticed for up to 10yrs. Know your status and get treatment sooner to help you lead a normal life. HIV weakens your body’s power to fight infections such as pneumonia. There is no cure. You can get HIV by having unprotected sex or using unsterilised needles/syringes. If you’re HIV+ & pregnant, your baby can get HIV in the womb, after birth or by breastfeeding. Tip: You can’t get HIV through casual contact, like working together, kissing, or sharing space.",472,"Le VIH: peut vivre sans être détectés pendant 10 ans. Faites - vous examiner et prenez le traitement le plus tot possible. VIH affaibli les anicorps pour lutter contre les infections comme la pneumonie. Il n y a pas de remède pour le VIH. L' infection se tansmet par les relattions sexuelles sans protection (condom) ou l'usage des siringes sans les steriliser. Si vous êtes VIH+ enceinte l' enfant peut être infecté dans le sein, après sa naissance ou par le lait maternel. Pas d' infection par  contact ordinnaire coome marcher enseble, baiser ou partage d'espace avec un VIH+.",579,472,508,,
,,,,Health,6,Santé,5,HIV Testing,11,Test de VIH,11,"To know your HIV status you must get a blood test, available for free at most public health centres. You’ll receive counselling before and after your test. Sometimes two tests are done. You’ll know your status after 20 minutes. Your blood sample might have to go to a laboratory. You’ll only know your status in a few days. HIV tests are very accurate. Many organisations in SA offer HIV tests, counselling and treatment. Go to www.tac.org.za or the contact list for more info.",477,"Faites examiner votre  votre sang pour savoir si vous êtes VIH+. Le service est gratuit dans la pluspart des centre de santé publics. Vous aurez un accompagnement avant/après le test. Souvent on fait deux examens. .Vous connaitrez votre état dans 20 minutes. Vous aurez les résultats après quelques jours quand on enmene l' échantillon de votre sang au laboratoir. Ces examens sont precis. En RSA, beaucoup des organisations offrent le test de VIH, counselling / accompagnement et traitement.Visitez: www.tac.org.za ou la Liste de Contact.",539,477,513,,
,,,,Health,6,Santé,5,PMTCT,5,PTME ,5,Pregnant women with HIV should ask for Nevirapine at public health centres. It can prevent HIV infection during childbirth. Nevirapine is an antiretroviral drug (ARV). Go to the contact list or www.tac.org.za for info on centres with ARV treatments.,249,Les femmes enceintes avec VIH+ devront demander des névirapines (ARV) au centre de santé.Le ARV prévient l' infection de l'enfant pendant l' accouchement.Visitez: la Liste de Contact/www.tac.org.za.,198,249,285,,
,,,,Health,6,Santé,5,ARV Treatment,13,Traitement d' ARV,17,ARV treatment begins during a serious HIV-related illness or when your CD4 count drops below 350. Most people start ARV 8-10 years after infection. It isn’t the same for all. See a doctor and get the best treatment for you! Remember: It doesn’t matter what your document status is - you are entitled to free ARV treatment.,322,"Le traitement de l' ARV commence quand la maladie VIH se manifeste ou quand  les cellules CD4 chuttent en dessous de 350.Certain commence  ARV 8-10 ans après l' infection.Cela dépend d' un chacun. Voyez un medecin pour votre cas. ARV est gratuit pour tous, quelque soit le permis que vous utulisez. Vous avez droit au ARV gratuit.",330,322,358,,
,,,,Health,6,santé,5,Sexual Abuse,12,Abus Sexuel,11,"If you wish to report a rape, go straight to the police. Don’t shower, drink liquids or use the toilet – this helps with evidence. You CAN change clothes, but take along the clothes you were wearing. You don’t need to report it to get medical treatment. If HIV negative before the assault, you have a right to a 28-day course of antiretrovirals to prevent HIV, but must take it within 72hrs. Help/info: LoveLife 0800-121-900; AIDS Helpline 0800-01-23-22; AIDS Hotline 0800-11-0605",480,"Rapportez l' abus sexuel à la police avec les preuves de la scènes: ne vous laver pas, ne buvez pas de liquide our utiliser la toilette. vous pouvez changer les habits mais prenez les habits que vous aviez lors de l'incident a la police. Pour avoir le traiment medical, vous n'avez pas besoin de rapporter d'abord a la police.  Si vous êtes VIH avant l'incident, vous devez prendre un traitement de ARV pendant 28 jours pour prévenir le VIH.Commencer le ARV dans les 72 hrs. Aide/info: LoveLife: 0800 121 900; AIDS :0800 01 2322/ 0800 11 0605. ",544,480,516,,
,,,,,,,,Back,4,Retourner,9,,4,,,,,,
,,,,,,,,,,,,,3768,,,,,,
,,,,Education,9,Education,9,Your rights,11,Vos droits,10,Everyone has the right to basic education in SA. You must have a valid study permit to study in SA. In SA on another valid permit? Check first if your permit allows you to study in SA. Some conditions might apply.,213,Toute personne a le droit a l' étudier de base en RSA. Pour cela Vous devez avoir un d'etude valide pour  étudier en RSA. En RSA sous un autre permis valide? Vérifiez si votre permis vous permet d' étudier en RSA. Quelques conditions peuvent  s' appliquer.,256,213,249,,
,,,,Education,9,Education,9,Tips,4,,0,,0,,,0,36,,
,,,,,,,,Back,4,Retourner,9,,0,,,,,,
,,,,,,,,,,,0,,5549,,,,,,
,,,,,,,,Back,4,,0,,0,,,,,,
,,,,,,,,,,,,,5557,,,,,,
,,,,,,,,,,,,,,,,,,,
,,,,,,,,Back,4,Retourner,9,,0,,,,,,
,,,,,,,,,,,,,15128,,,,,,
,,,,,,,,Back,4,Retourner,9,,0,,,,,,
,,,,,,,,,,,,,15140,,,,,,
,,,,,,,,Back,4,Retourner,9,,0,,,,,,
,,,,,,,,,,,,,15148,,,,,,
,,,,Permanent Residence,19,Résidence Permanente,20,Process time,12,Temps de taitement,18,Permanent residence permit applications have a minimum processing time of 8-10 months. Track your application online on VFS Global website to determine your application status.,176,La demande de la résidence permanente a un traitement minimum de 8-10 mois.Faites votre demande en ligne sur le site internet de VFS pour déterminer le statut de votre demande.,176,176,212,,
,,,,Permanent Residence,19,Résidence Permanente,20,Paying fees,11,Payement des frais,18,"Pay by EFT, credit/debit card at the centre or prepayment at a Standard Bank branch. Acount name: VFS VISA PROCESSING SA (PTY) LTD; Bank: STANDARD BANK; Branch Code: 011545; Account number no: 002012731",202,"Payez par  EFT /carte de crédit au centre ou au Standard Bank.Nom du compte: VFS VISA PROCESSING SA (PTY); Banque:Standard Bank, Branche code:011545; Le no du compte: 002012731",176,202,238,,
,,,,Permanent Residence,19,Résidence Permanente,20,Collection,10,Collection,10,"Collect at VFS or have representative collect. Applicant's passport is needed. The representative also needs an authorisation letter with the applicant's name, passport no., signature, own name, ID no. and copy of ID.",217,"Vous / votre représentant pouvez collecter votre passport au VFS. Il faut aller avec le passeport du demandeur. Votre représentant  devra avoir une lettre d' authorisation portant votre nom, le no du passeport, signature, no d' ID et la copie de l' ID.",252,217,253,,
,,,,Permanent Residence,19,Résidence Permanente,20,Proof of visa,13,Preuve de visa,14,"If you need proof of your permanent residence visa, you will need to fill in a form on www.vfsglobal.com to make an appointment at VFS. Take your documents and you'll have to pay a fee.",185,En cas de besoins de la preuve de votre visa de la résidence permanente complétez un formulaire sur www.vfsglobal.com pour un rendez-vous avec VFS. Veuillez prendre vos documents et vous payerez les frais requis. ,213,185,221,,
,,,,,,,,Back,4,Retourner,9,,0,,,,,,
,,,,,,,,,,,,,31104,,,,,,
,,,,,,,,,,,,,,,,,,,
,,,,Statelessness,13,Apatridie,9,Statelessness,13,Apatridie,9,"A stateless person doesn’t have citizenship in any country. You are also at risk of being stateless if your nationality status is undecided. Not all undocumented persons are considered stateless, e.g. when your birth isn’t registered or if you don’t have a birth certificate, ID or passport. ",292,"Un apatride: Une personne qui n'a pas de citoyeneté d'un pays qulconque.Vous êtes en risque d' apatride si votre nationalité n' est pas décidée. Ce n' est pas toutes les personnes qui manquent de documents qui sont considérées comme apatrides.Exemple:un naissance non enregistrée, manquer de ID ou passeport.",308,292,328,,
,,,,Statelessness,13,Apatridie,9,Risks,5,Risques,7,An undocumented person’s risk of being stateless increases when you belong to a certain category or when certain factors are present like: birth outside your parents’ country of nationality; death or desertion of your parent(s); Irregular migration across international borders; mixed nationality of your parents; loss of clinic cards or records; If you’re close to an international border with high cross-border movement; when the law doesn’t permit dual nationality.,468,"Une personne sans document est a rique de devenir apatride si vous etes dans une des suivante catégories ou si certaines facteurs sont presents: naissance en déhors du pays de nationalité des parents, décès ou abadon par votre parent(s); entrée irrégulière dans la frontière  internationale; mixage de nationalité de vos parents; perte de la carte de clinique ou enregistrement; si vous etes proche avec beacoupd des mouvements transfrontaliers, lorsque la loi ne permet pas une double nationalité. ",499,468,504,,
,,,,Statelessness,13,Cas d' apatridie,16,Birth Regstr.,13,Enregistrement des naissances,29,"A birth certificate proves your place of birth and identifies your parent/s. It’s the most important proof of your nationality. South African citizens born outside SA are entitled to a SA birth certificate. Foreign children born in SA are entitled to a birth certificate, but this doesn’t mean they’re South African citizens. Children born in SA must be registered within 30 days. If you were born in SA, apply for late birth registration. Applications close in December 2015.",476,"Un certificat de naissance prouve votre lieu de naissance et identifie vos parents, c' est l'important preve de votre nationaliét. Les sud-africains nés  en déhors de la RSA ont droit d' un cerificat de naissance de la RSA.Les étrangers nés en la RSA ont droits d' un certificat de naissance; mais cela ne veut pas signifier qu'ils ont la nationalité sud-africaine.Enregistrez les naisssances en RSA dans les 30 jours de naissance.Nés en la RSA faites la demande de l' enregistrement tardif d' une naissance. La demande clôture en Décembre 2015.",545,476,512,,
,,,,Statelessness,13,Apatridie,9,Citizenship,11,Citoyenneté,11,"You have a claim to SA citizenship if you: were born to a parent with SA citizenship at the time of your birth; were born in SA to a parent who was a permanent resident of SA at the time of your birth and if you lived in SA until the age of 18; have been adopted by a SA citizen; applied for and received a certificate of naturalisation from the DHA; were born in SA and have no other citizenship, nationality or right to other citizenship or nationality.",455,"Vous pouvez réclamer la nationalité de la RSA si etes: Nés d' un parent sud -africain au moment de votre naissance; nés des parents qui étaients résidents permanents de la RSA à votre naissance et avez vécu en RSA jusqu' à l' âge de 18ans, doptés par un sud-africain. Avez fait une  demande pour un certificat de naturalisation et l'avez eu de la DHA; nés en RSA et n' ayant pas autre citoyenneté, ou droit pour un autre citoyenneté ou nationalité.",448,455,491,,
,,,,,,,,Back,4,Retourner,9,,0,,,,,,
,,,,Back,4,Retourner,9,,,,,,1711,,,,,,
,,,,,,,,,,,,,,,,,,,
Useful Services,15,Services utiles,15,,,,,,,,,,,,,,,,
,,,,,,,,,,,,,,,,,,,
About/ T&Cs,11,À propos/T&Cs,13,,,,,,,,,,,,,,,,
,,,,,,,,Back,4,Retourner,,,0,,,,,,
,,,,,,,,,,,,,4,,,,,,
,,,,,,,,Back,4,Retouner,8,,0,,,,,,