English Content,Character Count,Translation,Character Count,English Content,Character Count,Translation,Character Count,English Content,Character Count,Translation,Character Count,Answer,Character Count,Translation,Character Count,Chr Count for SMS,Chr for USSD Screens,,
,,,,,,,,,,,,Exit Screen,,shaashada kabixitanka ,,,,,
,,,,,,,,,,,,Your SMS will be sent to you shortly. Don't forget to dial back in to *120*8864*1538# to find all the information you need about applying for visas and living in SA.,0,"waxaa mardhaw laguu soo diridoonaa fariinta SMSka, fadlan xusuusnaws inaad markale booqato adeega *120*8864*1538# siaad uhesho macluumaad kusabsan xaraynta dalkugalka(kunoolaanshaha) ee k/afrika.",195,,,,
Step 1: Visa Application,24,darajada kowaad codsiga dalkugalka,34,Step 1: Visa Application,24,,0,,,,,,,,,,,,
,,,,Apply for visa,14,codsi dalkugal,14,General info,12,akhbaar guud,12,"There are 14 types of temporary residence visas. Know your type before you start the online application. See the 'Visa Types' section or visit http://www.vfsglobal.com/dha/southafrica/index.html for more info, or call VFS 012-425-3000.

",237,waa 14 nooc dalku galka ka ku meel gaadh ka ah iinta adan bilaabin codsiga fiiri ama arag noocyaha dalkugalka booqo www.vfglobal.com/dha/southafrica/index.html akhbaar ka sii badan wac012-425-3000,196,237,273,Key for Chr Count for SMSs,Key for Chr Count for USSD Screens (- character count calculation includes navigation which totals 36 characters max)
,,,,Apply for visa,14,codsi dalkugal,14,Online Application,18,codsiyada khadka intarneedka ,29,"You need to complete a DHA-1738 online application for the correct visa type and book an appointment for your nearest VFS centre by visiting http://www.vfsglobal.com/dha/southafrica/index.html

",194,waxaad u baahan tahay in aad  dhamaystirto waxda sharciyada-DHA-1738 SI TOOSA codsi sax naaca dalkugalka  qabso balan adega kugu dhaw ama xarunta dalkugalka e kugu dhaw booqo www.vfsglobal.com/dha/southafrica/index/.html,220,194,230,1 SMS (<160 characters),"1 Screen (<180 characters) Too few characters, Back navigation won't show. "
,,,,Apply for visa,14,codsi dalkugal,14,Where to apply,14,xageed ka codsatay,18,"After completing your online form you will need to apply at a VFS visa facilitation in Durban, Cape Town, Port Elizabeth, Johanneburg, Pretoria, Rustenburg, Kimberley, Polokwane, Nelspruit, George or Bloemfontein. 

",216,"kadib markaad dhamayso shuruudaha buuxitaanka foomka waxaad codsigaaga kaxaraysankartaa xarumaha FUDUDAYNTA DALKUGALKA ee Durba, Cape town, boorto elesebeet, joohanisbeeg,biritooriya, rastanbaag, kimbili, bolokwane, nelasbareed, joorji ama bloomfoontayn.",254,216,252,2 SMSs (161-319 charaters),2 Screens (181-360 charaters)
,,,,Apply for visa,14,codsi dalkugal,14,When to apply,13,goormaa lacodsadaa ,19,"Immediately, as you could be persecuted without a visa. Applications should be made at least 60 calendar days prior to expiry date of your passport and visa/permit.

",166,"si deg deg ah. adigoo xusuusan in lagu xidhikaro amaba maxkamad lagaa dacwankaro marhadii aadan haysan dalkugal(kujoog) waa inaad xaraysaa codsiga dalkugalkaaga kahor inta uusan kaadhicin 60cisho hadii aytahay dalkugal, degenaansho, amaba baasaaboor.",250,166,202,3 SMS (321 - 480 characters),3 Screens (361-540 characters)
,,,,Apply for visa,14,codsi dalkugal,14,Docs required,13,cadaymaha lagaarabo ,20,Appointment confirmation; visa fees receipt; valid passport/travel document; copy of passport; printout of completed online application form; and all supporting documents. ,172,balan xaqiijinta dalkugalka gunada qaabilaada waa in ad la tagto baasaboorka koobigiisa ood soo saarta isaga oo sidii sa ah dhamaystir si toosa codsigaaga,154,172,208,4+ SMS (481+ chr),4+ Screens (541+ chr)
,,,,Apply for visa,14,codsi dalkugal,14,Process time,12,habusocodka codsigaaga ,23,"Depending on the category of visa, the process time varies. Temporary residence permit applications have a minimum processing time of 8-10 weeks.

",147,waxay la xidhiidhaa heerka dalkugalka noocyada shaqo wa dhawr k meel gaadh galkugalka dagansho waa midka ugu wakhtiga badan waxayna qaadataa 8-10 isbuuc/todobaad,161,147,183,,
,,,,Apply for visa,14,codsi dalkugal,14,Paying fees,11,gunada aad bixisay,18,"Pay by EFT, credit/debit card at centre or prepayment at a Standard Bank branch. Account name: VFS VISA PROCESSING SA (PTY) LTD; Bank: STANDARD BANK; Branch Code: 011545; Account number: 002012731",196,waxaad ku bixinkartaa kaarka qaanta meelha xarumaha ah gunada lagaga baahan yahay sida bangiga istaandhar qaybta koodka01545 akown lanbarka waa 002012731,153,196,232,,
,,,,Apply for visa,14,codsi dalkugal,14,Collection,10,xiliga aad soo qadanaysay,25,"Collect at VFS or have representative collect. Applicant's passport is needed. The representative also needs an authorisation letter with the applicant's name, passport no., signature, own name, ID no. and copy of ID.",217,"soo qaado dalkugalka miyaad matashaa codsiga baasaborka waa waxa la rabo in aad ku matasho waxaa kale oo loo baahan yahay in ad haysato qoraal codsiya  waxaa muhiim ah saxeexa,la haanshaha,magaca,aqoonsiga koobiga,,.",216,217,253,,
,,,,,,,,Back,4,bangiga,7,,0,,,,,,
,,,,,,,,,,,,,1581,,,,,,
,,,,Temp visas,10,dalkugalka shirkadaha,21,General work,12,shaqada guud,12,"General work: This allows you to work in SA. You need to prove you have work and meet other conditions, or it will expire after 6 months. ",138,shaqada guud ee kuu ogolaanaysa in aad ka shaqayso k afrika  xaqiiji shaqada laakulan xaladaha kaleama hadii ay kaa dhacayso,124,138,174,,
,,,,Temp visas,10,dalkugalka shirkadaha,21,Corporate,9,wada shaqaynta,14,Corporate: Groups of factory or farm workers can apply for corporate worker visas. You will need a copy of the main corporate visa application. ,144,wada shaqaynta ama koox warshad ama beer shaqaale waad codsan kartaa ka lashaqaynta ama dalkugalka shaqada waxaanad u baahan tahay koobiga dalkugalka wda shaqaynta codsigiisa,174,144,180,,
,,,,Temp visas,10,dalkugalka shirkadaha,21,Work transfer,13,badalka shaqo,13,Intra company work transfer: This is when the company you work for in your home country sends you to work in their South African branch of their offices.,153,gudbinta shaqo waa marka uu shirkada aad u shaqayso kuu dirto in aad uga shaqayso wadanka k afrika xfiiska ay ku leyihiin,121,153,189,,
,,,,Temp visas,10,dalkugalka shirkadaha,21,Critical Skills,15,xirfadaha muhiimka ah,21,Critical skills: When your skills are needed in SA. These skills are usually specilaised skills. To see if you have one of the skills visit http://bit.ly/1JGvPoA and view page 12. ,180,xirfadaha muhiim ah marka xirfadaadu tahaymid loo bahanyahay k afrika markasta si gaar ah u fiiri booqana http//bit.ly/ljgvpoa iyoarag boga12,141,180,216,,
,,,,Temp visas,10,dalkugalka shirkadaha,21,New Business,12,ganacsiga cusub,15,Business: When you want to open a business or become part of a business in SA. You will need to invest money first into the business venture. You will need to check what the requirements are.,191,ganacsiga marakaad rabto in aad furato ganacsi cusub waxaad noqonaysaa qayb ka mida ganacsiga wadanka k afrika waxaanad u baahan tahay in ad galiso lacag ganacsigaaga si dhiiranwaxaadna u bahan tahay in ad ogaato imisa ayaad u baahan tahay.,240,191,227,,
,,,,Temp visas,10,dalkugalka shirkadaha,21,Visitor,7,booqashada,10,"Visitors' visas are for short visits to South Africa for the purposes of travelling, doing business, visiting family or friends, or attending sports events. ",157,booqadashadu waa dal;kugal kooban boqasho sxb qoys iyo hindise ganacsi si aad uga samayso ama ka qayb gal dhacdo,112,157,193,,
,,,,Temp visas,10,dalkugalka shirkadaha,21,Study,5,barashada,9,"Study: If you are a student and want to study in South Africa. You will be allowed to work while you're studying, but certain rules will apply to you.",150,baro hadaad arday tahay ood rabto in aad wax ka barato wadanka k afrka  waxaad heli kartaa adiga oo wax baranay in ad shaqayso lkn waxay u bahan tahay arimo dhawr ah,165,150,186,,
,,,,Temp visas,10,dalkugalka shirkadaha,21,Exchange,8,isbadbadalka,12,Exchange: When you are younger than 25 years of age and you would like to take part in an exchange programme between your country and South Africa. ,148,badalka kolka aad yartahay eed dhan tahay 25  sano ood k afrika jogto waxaad jeclaan kartaa  in aad wax badasho farqiga u dhexeeya wadankaga iyo k afrika,153,148,184,,
,,,,,,dalkugalka shirkadaha,,Back,4,bangiga,7,,0,,,,,,
,,,,,,,,,,,,,1297,,,,,,
,,,,More visas,10,dalkugalka badan,16,Relative,8,qaraabada,9,Relative: When you are a direct family member of a South African citizen or someone who is a permanent resident of South Africa. ,129,qaraabada marka aad si toosa qoyskaga ay k afrika dhalasho uga haystaan ama cid kale waa kuma qofka haysta daganaasho dhalasho,126,129,165,,
,,,,More visas,10,dalkugalka badan,16,Retired person,14,shaqo ka fadhiisi,17,Retired person: When you are elderly and want to retire in SA. There will be financial requirements which you would be required to meet.,136,qof shaqo ka fadhiisanaya marka aad gabowdawdo  eed rabto in aad shaqada ka fadhiisato k afrika  waxaad u baahan tahay arima dhaqaalo yaad ka codsanaysaa,153,136,172,,
,,,,More visas,10,dalkugalka badan,16,Medical care,12,dawada nolosha,14,Medical: When you travel to SA for medical care. You can’t work or stay longer than 3 months. You must be able to pay for the treatment. ,137,"dawada,marka aad safrayso k afrika daryeelka dawada ma shaqayn kartid hadaad in badan ilaa sedex bilood  waa in aad awoodo bixinta dawada",137,137,173,,
,,,,More visas,10,dalkugalka badan,16,Treaty,6,heshiiska,9,Treaty: When there is a deal between South Africa and your home country. You can enter SA to take part in certain activities or programmes. ,140,dawada kolka wadankaaga iyo k afrika waxaad ka qaadan kartaa door muhim ah,74,140,176,,
,,,,,,,,Back,4,bangiga,7,,0,,,,,,
,,,,,,,,,,,,,562,,,,,,
,,,,Visa Issues,11,arimah dalkugalka,17,Legal Help,10,caawin sharciga,15,"If you have visa application problems, a lawyer can help with the process. Know your rights! If you need general legal help with an immigration issue you must hire a private lawyer. TIP: Always ask about a lawyer’s fees before you accept their services. Tip: Always ensure your lawyer has the right qualifications. If you’re unsure, contact the Law Society of SA on 012-366-8800.",379,hadaad haysato dhib dalkugalka  waxaa kaa cawin kara sharciyaqaanku gar ahan qaabka ogow xuquuqdada  hadaad u baahan tahay caawin guud oo khusaysa waxda magareeshinka  waan in ad kiraysato sharci yaqaan kuu gaara ah  talo hubo sharciyaqaanka in uu tayo leeyahayla xidhiidh 012-366-8800,285,379,415,,
,,,,Visa Issues,11,arimah dalkugalka,17,Transfer Visa,13,dalkugal badalida,17,"Lost or stolen passport? Transfer your temporary residence visa to your new passport. Apply for a transfer of temporary residence visa at a VFS visa centre.

",158,haduu kaa lumay baasaboorkaagu ama uu lagaa xaday u isticmaal dalkugalkaaga ku meel gaadhka ah codso baasaboorka cusub una gudbi dal kugalka ku meel gaadh ka ah,160,158,194,,
,,,,Visa Issues,11,arimah dalkugalka,17,Fix mistake,11,hagaajinta khaladadka,21,"Recitfication: fix a mistake on a temporary visa. You can fix a mistake at any VFS office in SA. You may have to pay a fee for this correction.

",145,hagaajinta aqoonsiga ama khaladaadka  kumeel gaadhka ah waad hagaajin kartaa khaladaadka xafiiskasta oo qabilsan dalkugalka  wana in aad bixiso gunada sixitaanka,161,145,181,,
,,,,,,,,Back,4,bangiga,7,,4,,,,,,
,,,,,,,,,,,,,702,,,,,,
,,,,,,,,,,,,,,,,,,,
,,,,Your Rights,11,xuquuqdada,10,Arrest,6,xidhitaanka,11,"Valid permit holders are safe from arrest or detention, unless you break the law. You will need to provide proof or your temporary or permanent residence visa.",159,qofka haysta daganaansho shaqaynaya waxuu ka badbaaday xabsi ama in la qabto  waa hadan jabin sharciga kaleyee waxaanad u baahan tahay in aad xaqiijiso daganshahaaga,165,159,195,,
,,,,Your Rights,11,xuquuqdada,10,Work,4,shaqada,7,"As a migrant you need a relevant work visa to work in SA. WIth the right visa you can be employed or run your own business (you will need a business permit).

",159,hadaad tahay soo galooti waxaad u baahn tahay dalkugal is waafaqsan shaqada iyo dalkugalka o saxa  waxaad noqon kartaa shaqaale ama waxaad wadan kartaa ganacsigaaga  sidoo kle waxaad u bahan tahay ogolaansho anacsi,214,159,195,,
,,,,Your Rights,11,xuquuqdada,10,Health,6,,0,"If you have a valid visa you have the right to access medical care at clinics or hospitals. Hospital workers may not know your rights. Inform them. 

",150,hadaadd haysato dalkugal shaqaynaya waxaad xaq u leedahy in aad hesho daryel dawoxarumaha caafimaadka iyo dhakhtarada hadii ayna shaqaaaluhu aqoonsan xaqaaga wargali,165,150,186,,
,,,,Your Rights,11,xuquuqdada,10,Education,9,waxbarashada,12,"You have the right to basic education in SA. You need a valid study permit. Have a different permit? Check if it allows you to study. Conditions may apply.

",157,waxaad xaq u leedahay wax barashada as aasiga ah k afrka waxaad u baahan tahay ogolaansho shaqaynaya hubina in ay kuusurta galinyso in ad wax ku barto,150,157,193,,
,,,,Your Rights,11,xuquuqdada,10,LGBTI,5,arimaha guriga iyo galmada,26,"SA’s Constitution protects the rights of Lesbian, Gay, Bisexual & Transgender individuals (LGBTI). LGBT victims of unjust treatment must go to the police. LGBT victims of hate speech must lay a complaint with the SAHRC. Ask for legal assistance if you’re struggling to lodge your claim. Go to the contact list for more info. For LGBTI support in Johannesburg: GALA 011-717-4239. In Pretoria: Out Wellbeing 012-430-3272. In Durban: Gay & Lesbian Network 033-342-6165.

",468,sharciga k afrika waxuu difaacayaa xuquuqda dadka isku sijiga ah galamada iyo guurka ay sameeyaan hada hadaad tahay qof dhibane ah ama laguu hanjabay waan in aad aado booliska  war gali in aad ka cabaynyo sida hadal nacayb oo kle ama hadii laguu diiday hoteelada  l xidhiidh gala 011-717-4239 biritooriyaoutwellbeing 012-430-3272 ama darban gay 033-342-6165,357,468,504,,
,,,,Your Rights,11,xuquuqdada,10,Abuse,5,xadgudubka,10,"If you are a victim of abuse, report it to the police.  Remember: a protection order can prevent more violence. Violence can mean intimidation, physical, sexual or verbal abuse, being threatened with abuse or when you lose your freedom. Abuse can happen when men feel angry or powerless. Get free legal help from selected women and children’s organisations or call the toll-free helpline on 0800-150-150 for help and counselling.

",431,hadaad tahay mid dhibane xadgub ahwar gali booliska wadanka ogow waxaad si gooni kuu difaacaya codsi difaacitaan hadaad aan hubaysnayxadgudub galmo ama hanjabaad ama marka aad lumiso xuriyadaada waxyaalahas odhan waxay dhici karaan marka qofku xanaaq dareemo ama wax uuna wax ka qaban kari dhacaan codso si sharciya caawinta ha weenkaiyo ururka ciyaalka ama wax telafoonka 0800-150-150 kuwan ayaa ku cawinaya,408,431,467,,
,,,,,,,,Back,4,bangiga,7,,0,,,,,,
,,,,,,,,,,,,,1552,,,,,,
,,,,Arrest,6,xidhitaanka,11,Arrest/Detention,16,xidhitaanka ama haynta goob xabsi ah,36,"Valid permit holders are safe from arrest/detention unless you break the law. There are other exceptional circumstances. Police/immigration officials may request proof of your regularised stay in SA, or you may be arrested/detained. If arrested, you must prove you're allowed to be in SA with a valid visa. You'll go to a police station until the DHA verifies your ID within 48hrs. Never bribe an officer to avoid being arrested or get out of jail. This is against the law!",473,dadka haysta warqada ama daganaansho shaqaynya waxay ka badbaadeen wax xidhitaan ah ama in  la hayo hadan jabin sharciga waxaa jir wax yaalo dhawr ah oo ku faraya in aad u hogaansato si loo xaqiijiyo joogitaankaaga k afrika hadii lagu xidhay ama lagu ama lagu hayyo cadee in laguu ogalaaday wadanka k afrika dal ku gal sharciya waxaanad adaysaa booliska ilaa inta ay ka soo cadaynayaan waxaada sharciyada 48 saac gudahood hana bixin wax laaluush kadib xabsi ha mudan,466,473,509,,
,,,,Arrest,6,xidhitaanka,11,What to do if arrested,22,waxaad samayn lahayd hadii lagu xidho,37,"There are legal ways out of your arrest. It may take time. Ask to speak to a lawyer. It is your right.  If you are arrested and have a valid visa, ask a friend or family to give copies of your valid documents to the DHA. Remember: You have the right to get legal representation if you are arrested. Tip: If you go to a magistrate’s court, you can ask for ‘legal aid’. You will be able to speak to a lawyer for free.",415,waxaa jira wadooyin sharciya in lagu xidho waxaa laga yaaba in ay wakhti qaadato ama uu kuu hadalo sharciyaqaankaagu waa xaqaaaga hadii aad sharci shaqaynya leedahay hadii aad ilowday waxaad ka codsan karataa sxbadaa iyo qoyskaaga in ay kuu keenan hadii ay shaqaynayaan war qadahaaga waxaad qax u leedahay in aad hesho cid ku matasha  talo hadii lagu geeyo maxkamad waxaad  waydiisan kartaa cawin waxaa kuu hadli kara sharciyaqan bilaash ah,440,415,451,,
,,,,Arrest,6,xidhitaanka,11,Conditions,10,xaalada,7,The immigration/DHA officer should verify your documents in 48hr or release you. You must carry your docs on you or the officer must help you find it. You have the right to a phone call to get copies of your permit. The officer must try to confirm your status with the DHA. It’s your right to write a statement to the DHA if you disagree with the decision to detain/deport you. You can’t be detained for more than 30 days unless the court has a warrant. You may write a statement to the judge. The court must inform you of its decision in writing.,547,waxaada sharciyada waxay xaqiijin karaan warqadahaaga in 48 saac gudahood si laguu si daayo waxaad wadataa mar kasta sharci sidaha xafiiska kkaa codsada waxaan xaq u leedahay in aad wacdo cid si laguugu keeno koobiga xafiis jogaha waa in uu xaqiijiyo in sharcigaagu yahay mid ka yimids waxaada sharciyada waxaad xaq u leedahay in aad u qorto waxaada sharciyada in adan ku qanacsanayn in lagu masaafuryo ama lagu sii hayo lahumana hayn karo in ka badan 30cisho waxaana kugu siin karta maxkada in aad qorato warqad ku socota xaakimka  wana in ay ku war galisaa in ay tahay go aan,577,547,583,,
,,,,Arrest,6,xidhitaanka,11,Deportation Centre,18,masaafurinta,12,"If you are taken to the Deportation Centre, you may contact a lawyer for legal advice. LHR visits the centre every week. Ask your family to notify Lawyers for Human Rights about your situation and that you need help. If you don’t have legitimate reasons to stay in SA with the necessary documents, you’ll be kept at the centre and deported. Contact Lawyers for Human Rights if your conditions of detention are unsafe or violate your dignity. ",442,hadii laguu qaado xarunta masaafurinta  waxaad soo waci kartaa sharciyaqaanada u dooda xuquuda adamaha waxaan soo bopoqanaa todobaad kasta  u sheej qoyskaaga  si ay noogu war galiyaan  xaallkaaga waxa aad u baahan tahay  hadan haysan wado sharciyo ood ku sii joogto wadanka k afrika  wac sharciyaqaanada u dooda xuquuqda  adamaha  waa hadii meesha lagugu hayo ahayn amaan ama qas uu ka jiro,390,442,478,,
,,,,,,,,Back,4,noqo,4,,0,,,,,,
,,,,,,,,,,,,,1897,,,,,,
,,,,Useful Services,15,adeeg muhiim ah,15,Helplines,9,u bahan cawin,13,DHA: 0800-60-11-90; UNHCR: 012-338-5302; Be Court Wise: 083-229-9440; LifeLine Counselling: 0861-322-322; Corruption: 0800-701-701; CCMA: 0861-16-16-16; Abuse: 0800150150; or 0123-48-1234 or 011-838-0411; Childline: 0800-055-555; AIDS: 0800-012-322 or 0800-110-605; LoveLife: 0800-121-900.,289,"waxda sharciyada,0800-60-11-90 H,Q,A.012-338-5302 083-229-94440 lifeline waxda talo0861-16-16 xadgudubka 0800150150 ama 0123-48-1234 ama011-838-0411 khadka ciyaalka 0800-055-555 aydhiska 0800-012-322 ama0800-110-605 toot jacayl 0800--121-900",241,289,325,,
,,,,Useful Services,15,adeeg muhiim ah,15,Gov Offices,11,xafiisyada dawlada,18,,0,,,,,,
,,,,Useful Services,15,adeeg muhiim ah,15,NGOs,4,hayadaha an dawliga ahayn,25,,0,,,,,,
,,,,Useful Services,15,adeeg muhiim ah,15,Legal,5,sharciyada,10,,0,,,,,,
,,,,Useful Services,15,adeeg muhiim ah,15,Basic Needs,11,baahida asaasiga ah,19,,0,,,,,,
,,,,Useful Services,15,adeeg muhiim ah,15,Counselling,11,talooyinka,10,,0,,,,,,
,,,,Useful Services,15,adeeg muhiim ah,15,Shelters/Food,13,cuntdada iyo hoogyga,20,,0,,,,,,
,,,,Useful Services,15,adeeg muhiim ah,15,Public Health,13,cafimaadka dadka gud,20,,0,,,,,,
,,,,,,,,Back,4,noqo,4,,0,,,,,,
,,,,,,,,,,,,,325,,,,,,
,,,,,,,,,,,,,,,,,,,
,,,,2: Life in SA,13,nolosha k afrika,16,,,,,,,,,,,,
,,,,,,,,,,,,,,,,,,,
,,,,,,,,,,,,,,,,,,,
Step 2: Life in SA,18,qaybta kowad nolosha k afrika,29,,,,,,,,,,,,,,,,
,,,,Work,4,shaqada,7,Working,7,shaqada,7,"As a migrant you need a relevant work visa to work in SA. With the right visa you can be employed or run your own business. If you want to set up your own business in South Africa, you need to have a valid business permit. 

",225,marka aad tahay soo galooti waxaad u baahan tahay dalku gal is elh iyo sharci saxa k afrika si aad uga shaqayso dalku galka saxa ah waxaad xaq u leedahay in aad shaqayso ama ganacsi hada rabto ganacsi aad leedahay k afrika waxaanad u baahan tahay sharci ganacsi oo shaqaynya,274,225,261,,
,,,,Work,4,shaqada,7,Own Business ,13,ganacsigaga,11,There are different types of business permits you can get. You will be required to invest a prescribed financial capital contribution. Please go to http://www.vfsglobal.com/dha/southafrica/ for more info.,204,waxaa jirto wadooyin badan oo  aad ku codsan karta sharci ganacsi  si aad u maal gashato tilmaan qaabka ah waxaad ka helaysaa fadlan  www.vfsglobal./dhasouthafrica akhbaar badan,177,204,240,,
,,,,Work,4,shaqada,7,Security/Teacher,16,amaanka iyo barashada,21,"SECURITY/CAR GUARD: You must register at PSIRA.  Only SA nationals, permanent residents & refugees with immunity can work as guards. TEACHER: If you are a public school teacher you need to check your international teaching qualification with the SA Qualifications Authority (SAQA). The SAQA evaluation doesn’t guarantee a job. Also register with SA Council for Educators (SACE). Go to www.sace.org.za for more info.",415,amaanka /gaadhiga waardiga waa in aad ka dawaan galiso waada amaanka kaliya waaxda daganaashaha k afrika  waxaad u shaqayn kartaa sida waardi oo kale  macalin adiga oo ah qaxooti lkn waa in aad xaqiijiso tayadaada waaxda hubinta tayada  mana xaqiijin karaan shaqadada waxaanad iska diwaan gaklin karataa saqa/waxda wax barashda/ ama aad www.sace.org.za akhbaar badan.,367,415,451,,
,,,,Work,4,shaqada,7,Nurse,5,kalkaliyasha cafimaadka,23,"Migrants with foreign nursing qualifications must register with the South African Nursing Council (SANC). Visit www.sanc.co.za for a list of documents you'll need to submit. If you're already registered back home, you need a SANC affidavit. Your qualification and experience will be evaluated. If you meet the SANC requirements, you must write an entry exam based on your area of competence. If your application is successful, you must submit a registration form and pay a fee.",477,soo galootiga ama ajaanibta tayada kalkaalisa nimo leh waxay iska diwaan galin karaan waxda jk afrika /ama booqo www.co.za waxaad u baahan tahay in aad gudbiso hadii aad is dawaan galisay kunoqo gurga  waxaad u baahn tahay in aad la kulanto sanc/dhakhaatiirta aan xuduudka lahayn/ tayadaada iyo khibradada waa la qiimaynayaa  hadaad u baahan tahay codsi sanc waa in aad qorto codsi ad ku adayso imtixaan  meesha kugu dhaw  tartanka  waa in aad gubiso hadii aad dhamyso ama aad ku duulaysato bixina gunada ,505,477,513,,
,,,,Work,4,shaqada,7,Doctor,6,dhakhtarka,10,"The Department of Health (DOH) employs foreign doctors with the right qualifications and experience in government hospitals. To register, contact the DOH’s Foreign Workforce Management Programme (FWMP) on 012-312-0467. To register, you need a job offer from a government hospital or health department. Apply for a formal endorsement from FWMP. When you have a job offer and endorsement, apply to register with the Health Professions Council of SA (HPCSA): 012-338-9350.",469,waaxada caafimaadka (doh) wxay shaqaalaysaa dhakhaatiirta ajaanibka kuwaas oo leh tayo saxaiyo khibrad tas oo dawlad ka timid si laguu diwaan galiyo waxaad wacdaa doh/waxda cfimdka/ waxada ajaanibiga shaqaylsa ama 012-312-0467 si aad u diwaan galiso waa hadii aad uga baahan tahay shaqo hosbiotaalka dawlada  ama wxad cafimaadka codso si rasmiya fwmp/waxda codsiga cafimmadka/ kadib iska diwaan gali/hpcsa/waxda cafimaadaka  ama wac012-338-9350,444,469,505,,
,,,,Work,4,shaqada,7,Discrimination,14,midab takoorka,14,"There are laws in SA that protect you from discrimination or unfair treatment when you are at work. Your employer can’t discriminate against you because you’re an immigrant. The law protects you from unfair treatment. The law also protects your minimum working hours, leave, salary and the way you are dismissed.",312,waxaa jira sharciyo kaa difaacaya midab takoorka  hanjabada cadalad darada  marka aad shaqada ku jirto laguma midab takoori karo si adiga lid kugu ah waxad haystaa  sharci ku difaacaya soogalootiga hadii ay hanjabaad jirto  sharcigu wuu ku difaacayaa xiligaaga shaqo ee caadiga ah samee wadada shaqo si cadi ah hel mushaharkaga si saxa,335,312,348,,
,,,,Work,4,shaqada,7,UIF/CF claims,13,hooyada uurka ley ka difaacida cudurka dilaaga ah,49,"You can claim from the UIF if you end up unemployed because you’re sick or have a baby. You need a 13-digit ID number to claim. If you are hurt or become infected with a disease at work and you end up being disabled, the Compensation Fund will pay out money. If you die because of your injuries your dependants will get money. The Compensation Fund will help to pay the medical bills.",384,waxaad  sheegi karta in aad bugto ama ilmo hayso  waxaad u baahan tahay in aad u sheegto 13 ka lanbar ee aqoonsigaaga  hadii aad haduu dhib jiro,144,384,420,,
,,,,,,,,Back,4,bangiga,7,,0,,,,,,
,,,,,,,,,,,,,2519,,,,,,
,,,,Health,6,cafimaadka,10,Your rights,11,xuquuq dada,11,Apply for a medical visa in your country before you travel to SA to get medical care. See 'Temporary Visa' section for info. Remember: this visa doesn’t mean you will get free health care. You'll have to pay for it yourself. Already in SA with a visa? You have the right to access medical care services just like anybody else. You can contact LHR when you’ve a problem accessing public health services. ,403,waxaad codsataa dalkugal caafimaad wadankaaga inta aadan so adin k afrika hel adeeg caafimaad fiir dal;kugal meel ku gaadh ah ogow dalkugalku macneheedu maaha waxaad heli adeeg bilaasha ah waan in aad bixiso adeega waxaad xaq uleedahay in aad hesho adeeg sida qofkasta ugu leeyahay waxaad la xidhiidhi karta sharciyaqaanada u dooda xuquuqda adamaha marka dhib kaga yimaado adeega dad waynaha,391,403,439,,
,,,,Health,6,cafimaadka,10,Health costs,12,qiimaha cafimaadka,18,"People from SADC countries pay the same medical fees as SA nationals. As a SADC national, your healthcare payments will be based on how much you earn. Take the following with you to the hospital: ID; appointment card; payslip/proof of salary; proof of address. If you don’t have the right documents or if you're a non-SADC national, you'll pay the highest fees.",361,dadka ka yimaada wadamada laysku dhaho sadhig waxay bixiyaan guno dawo oo isku mida sida dadka dhaladka ah oo kale dawayntaadu waxay ku xidhan tahay imisa ayaad hesha  qaado waxyaalahan sida aqoonsigaaga balantaada. warqada aad wax ku bixiso ciwaan laga helo hadaadan haysan sharciyo hufan ama adan ahayn wadamada laysku dhaho sadhig waxaad bixin lacagta ugu badan,364,361,397,,
,,,,Health,6,cafimaadka,10,Clinic/Hospital,15,husbitalada iyo caawiyasha,26,"Clinics provide treatment/medicine, mostly free. Make an appointment at your nearest clinic, unless it’s an emergency. Take your valid Section 22/24 permit. If you’re still waiting for yours, ask an NGO for a letter (see ‘Useful Services’). To go to hospital, you need a letter from the clinic unless it’s an emergency. Can’t pay the public hospital fees? Get an affidavit from the police to explain, or contact an NGO. DON’T go to a private Dr/hospital if you can’t pay the fees.",480,xarumaha caafimaadku wxay ku siin dawo bilaasha ah iyo caawin lkn waxaad ka qabsataa balan meesha kuugu dhaw ugu yaraan waxay kuu fududaynayaan in aywaxda 24 aadd 22 vwaxaad codsan kartaa qoraal hayadaha aan dawliga ahayn adeeg muhiim ah aad hosbitaalaka waxaad u baahan tahahy warqad ka timid xarunta caafimaadka hel warrqad cadayn boolis taas o sharxaysa xaalkaga ama la xidhidhiidh hayada aan dawliga ahayn ha adin hosbitaal gaar ah ma bixin kartid,451,480,516,,
,,,,Health,6,cafimaadka,10,Trauma Help,11,ka caawinta jahwaeerka,22,Suffering traumatic events (abuse/violence/natural disaster) can lead to Post-Traumatic Stress Disorder (PTSD). Signs of PTSD: struggling to sleep/concentrate; nightmares; flashbacks; anxiety; helplessness; fear. Share your story if you have PTSD. In counselling you’ll talk about your experience/feelings. Visit the Trauma Clinic in Joburg or Trauma Centre for Survivors of Violence & Torture in Cape Town. There are other trauma clinics in SA. See ‘Contact List’ for more info.,479,"la daala dhaca jahwareerka iuo xaaladaha sida xadgudub,qalaaalsaha,xanuunka dabiiciga ah, waxay kuu hor seedi karaan jahwareer walbahaar,nidaam daro, calaamada ha lagu garto waxa ka mida hurdo la aan,culays,qoraw,farxad lan,walwalkala kaasho hayada ay khusayso waxaad ka heli talo muhiima  waxaabad booqan kartaa xurun cafimaad oo joobeg ku tala ama kebtown lana xidhiidh iyaga",377,479,515,,
,,,,Health,6,cafimaadka,10,HIV/Aids,8,aydhiska,8,"HIV can go unnoticed for up to 10yrs. Know your status and get treatment sooner to help you lead a normal life. HIV weakens your body’s power to fight infections such as pneumonia. There is no cure. You can get HIV by having unprotected sex or using unsterilised needles/syringes. If you’re HIV+ & pregnant, your baby can get HIV in the womb, after birth or by breastfeeding. Tip: You can’t get HIV through casual contact, like working together, kissing, or sharing space.",472,,0,472,508,,
,,,,Health,6,cafimaadka,10,HIV Testing,11,badhista aydhiska aydhiska,26,"To know your HIV status you must get a blood test, available for free at most public health centres. You’ll receive counselling before and after your test. Sometimes two tests are done. You’ll know your status after 20 minutes. Your blood sample might have to go to a laboratory. You’ll only know your status in a few days. HIV tests are very accurate. Many organisations in SA offer HIV tests, counselling and treatment. Go to www.tac.org.za or the contact list for more info.",477,si aad wax uga ogaatid aydhiska badho dhiigaaga  waxayna diyaar ku tahay meel kasta oo caafimad dad wayne bilaash waaye  kadib markaas waxaad hel fariin talo ah mararka qaar waxay qaada taa 20daqiiqo mararka qaarna waxay qadataa ayaamo  waxaa bixiya dawdiis ahayado badan k afrika booqo www.tacorg.za si akhaar badab u hesho,324,477,513,,
,,,,Health,6,cafimaadka,10,PMTCT,5,arimaha khuseeya hooyada uurka leh,34,Pregnant women with HIV should ask for Nevirapine at public health centres. It can prevent HIV infection during childbirth. Nevirapine is an antiretroviral drug (ARV). Go to the contact list or www.tac.org.za for info on centres with ARV treatments.,249,qofta leh uur hadan qabta aydhiska waxay wadisan karta sindheerta xarumaha cafimaadka dadwaynaha waxay ka difaaci kartaa aydhiska wadada  waxaad ka fiirsan kartaa wwwtac.org.za xarunta dawada3.,193,249,285,,
,,,,Health,6,cafimaadka,10,ARV Treatment,13, habka dawo qadashada xanuunka dilaaga ah,41,ARV treatment begins during a serious HIV-related illness or when your CD4 count drops below 350. Most people start ARV 8-10 years after infection. It isn’t the same for all. See a doctor and get the best treatment for you! Remember: It doesn’t matter what your document status is - you are entitled to free ARV treatment.,322,arv wxay dawada u bilaban marka ay khatar tahay  ama xanuun kale uu la xidhiidho qofka ama cd4 hoos uga dhaco 350  inta badan tadku waxy noqotaa 8-10 sano kadib jeermiska kulina isku mid maaha  arag dhakhaatiirta helk dawo  ogow lama xidhiidho nooca sharci eed haysat waa in aad hesho bila guno,294,322,358,,
,,,,Health,6,cafimaadka,10,Sexual Abuse,12,xadgudub ka galmada,19,"If you wish to report a rape, go straight to the police. Don’t shower, drink liquids or use the toilet – this helps with evidence. You CAN change clothes, but take along the clothes you were wearing. You don’t need to report it to get medical treatment. If HIV negative before the assault, you have a right to a 28-day course of antiretrovirals to prevent HIV, but must take it within 72hrs. Help/info: LoveLife 0800-121-900; AIDS Helpline 0800-01-23-22; AIDS Hotline 0800-11-0605",480,hadaad rabto in aad ka cabato kufsi toos booliska  ha cabin cabitaan hana isticmaalin musqusha tan waxay kaa cawinaysaa cadaynta waxaad badalan kartaa dharka  waxa aad xidhnayd uma baahnid  waxaad xaq u leedahay 28 cisho guda hood si laaga difaco dilaaga ah wac0800-121-900aydhis 0800-01-23-22ama 0800-11-0605,309,480,516,,
,,,,,,,,Back,4,bangiga,7,,4,,,,,,
,,,,,,,,,,,,,3768,,,,,,
,,,,Education,9,waxbarashada,12,Your rights,11,xuquuqdada,10,Everyone has the right to basic education in SA. You must have a valid study permit to study in SA. In SA on another valid permit? Check first if your permit allows you to study in SA. Some conditions might apply.,213,qof kastaa waxuu haystaa xuquuqda wax barasho k afrika wana in ad haystaa ruqso shaqaynaysan si ad u barato hubina in uu kuu ogolaanyo in ad ku barato waxa jira xaalado lagaa codsan karo,186,213,249,,
,,,,Education,9,waxbarashada,12,School,6,isgoolka,8,"A creche is a preschool daycare centre for ages 1-6. Primary school: 7-13. Secondary school (academic or technical): 13-19. If you can't pay the fee, ask to work in exchange for a cheaper fee. Your child must have a visa and passport to be in SA. Children in SA must go to school – it’s the law. Tip: School age groups are flexible, so a child might be older than their classmates, but most government schools don't allow students to be 2yrs older than the grade’s age group.",475,xarunta xanaanada ciyaalka waxaa taki kara kaliya ilmaha1-6 dugsiga hoose waxaa tagi kara 7-13  dugsi sare waxaa adi kara13-19 hadaam bixin kain gunada way dii meesha ugu jabansi aaad ilmaha waa in ay haystaan dalkugal shaqaynaysa iyo baasaboor kadib waa in ay adan isgoolka talo hadii ilmuhu ka waynaado ciyaalka galaaska dhigannaya dawladu ma ogolaanayso wax 2 sano kabadan in uu galo galaaska,395,475,511,,
,,,,Education,9,waxbarashada,12,Application,11,codsiyda,8,"Your child must have at least a birth certificate, clinic card or old report card to register.  There'll be conditions for your child to attend school during your stay in SA. Register for a primary school closest to your house. English not good? Take a friend with who can help. Schools get full quickly so apply early (from July). If the school closest to your house is full, the school must show you another school that can help. If you struggle to register, the school close to your house must refer you to the Dept. of Education (DOE). If the school refuses admission, ask for a letter on their letterhead signed by the principal and take it to the DOE. Still can’t find a school? Contact a social service provider for education or LHR. More info on the contact list.",771,ilmahaagu ugu yaraan waa in uu haysto warqada dhalashada kaarka caafimadka haduu ka wayn yahay waa in aad dawaan galisaa waxay noqonaysaa xaalad ilamhaagu uu kaga qayb qaadan kara wax barashada wakhtiga  uu k afrka joogo ka diwaan gali isgoolka kuugu dhaw guriga aad joogto hadiii adan ku fiicnayn luuqada ingiriiska ka xayso cid kale hel durba foomka  codsiga bisha julay horaanteeda hadii uu buuxsamo isgoolka kugu dhaw waa in ay ku tusaan mid kalehadii aads ku dhiban tahay isgoolka kugu dhaw waxaad la kaashan karta  waxad wax barashada/doe/ haday kuu diidan waxaad ka codsan karataa warqad qoraala oo uu saxeexay madaxa sida nadsamka ah waxaanad u qaaadan kartaa waxad wax barashada hadii kle waxaad waci kartaasharci yaqaanada u dooda xuquuqda adamaha akhbaar badan,771,771,807,,
,,,,Education,9,waxbarashada,12,Tips,4,talooyinka,10,,0,,,0,36,,
,,,,Education,9,waxbarashada,12,School fees,11,gunada isgoolka,15,"If you can’t pay school fees, ask the school to reduce them by completing an exemption form. You must show proof of income (payslip/affidavit/letter of support) & give info on your expenses & responsibilities. Apply for exemption at the start of each term. Keep all letters & appointments with the school. If you ignore notices the school can make you pay. Find a NGO in the contact list for help with the form. Uniforms & learning materials also cost money. If you can’t afford a uniform, your child can wear clothes that resemble it, but must still go to school. Second-hand uniforms are cheaper. Ask at the school. You shouldn’t pay a registration fee. Public schools can’t ask your child to leave if you can’t pay.",718,hadaadan bixin karin gunada isgoolka waxaad ka codsan kartaa in ay kaa  dhimaan codsiga aqbalada  waana in aad u cadayso sababta  iyo dakhligaaga bilowga qodobka kasta ku cadee baahida taageeri ku sii xog khubradaysan sida aad u dareemayso masuuiliyda haada jaahil ka tahay waxa aman adan ogayy waxaad la kaashan kartaa hayadaha aan dawliga ahayn sida in ay kaa caawiyaan dharka isgoolkka waxa looga baahan yahay isgoolka iyo qiimaha ay ku kacayso  hadan awoodi ilmahagu waxay ku aadi karaan dhar kale o u eg xataa mid jaban ayaad u qadi kartaa diwaan galinta ma bixinaysid guno isgoolka dadaynaha kuma waydiin karaan ilmahana kama caydhin karaan,646,718,754,,
,,,,Education,9,waxbarashada,12,Special needs,13,wax yaalaha laysafga bahan yahay,32,Children with special learning needs can go to a special education school. Contact the Departmenr of Education and ask about schools. Placing your child in a special education school is a long process. Get your child on a waiting list as soon as possible.,255,ilmuhu waxyaalaha ay sigaar ah ugu baahan yihiiin in ay bartaan waxay u adi karaan meelo gaar ah la xidhiidh waxda wax barashada wada loo maran mid dheer  ilmaha waxada galisaa liiska sugida sida ugu soorta galsan,213,255,291,,
,,,,Education,9,waxbarashada,12,University,10,jaamacada,9,"You can study at a university to further your education or change your education from your home country to a SA degree. A university degree can help you to get into the SA job market. Remember: You must have a valid study permit to study in SA, you'll need to apply at the tecknikon or university before you come to SA.",319,waxaad baran kartaa jaamacada wax barashada labaad waxbarashada aad kala timid  k afrka jahaadiga labad  shahadada labaad waxay kaa caawinaysa shaqada xusuusnaw in aad haysato ruqso shaqaynaysA IN AAD WAX BARATO waxaad cosan karataa jaamacad  ama farsama yaqaan si ad k afrika wax ug barato,290,319,355,,
,,,,Education,9,waxbarashada,12,Uni. Tips,9,arima talooyinka,16,You need to pay an international registration & fee as an international student. Each university has thier own processes and will advise you when you apply to study there.,171,waxad u baahn tahay in aad bixiso diwan galinta caalamiga ah gunada waana in aad barato mida hashaadu khusayso waxayna ku siin talo xiliga codsiga halkaas,154,171,207,,
,,,,,,,,Back,4,kanoqo,6,,0,,,,,,
,,,,,,,,,,,0,,2958,,,,,,
,,,,Banking,7,bangiyada,9,Opening an account,18,farashada akowntiyo,19,"You must be 16 years or older with a valid passport and visa. You must have proof of residence: a rental contract, telephone/utility bill in your name. You need to prove your income with a payslip or affidavit. It may be difficult to open a bank account in SA. Even if you have the right documents, the bank can decide if they want to give you an account or not. You can also ask a legal counsellor to assist.",409,waana in aad haysato basaboor  16 sano jir iyo ka badan iyo dalkugal waana in ad haysato cadayn meesha aad tagan tahay iyo telefoonka  magacaaga  waxaad u baahan tahay in ad cadayso dakhliga ku sooo gala  wxaabna laga yaaba in ay kugu adkaatay in aad furato baangi k afrika  markaas waxaad codsan karta talooyin sharciya si ay kuu cawiyaan,339,409,445,,
,,,,,,,,Back,4,kanoqo,6,,0,,,,,,
,,,,,,,,,,,,,417,,,,,,
,,,,,,,,,,,,,,,,,,,
,,,,LGBTI & VAWC,12,arimhaha guriga iyo galmada,27,LGBTI rights,12,xuquuqda jinsiyada iyo guurka,29,"SA’s constitution protects the rights of Lesbian, Gay, Bisexual & Transgender individuals (LGBTI). LGBT victims of unjust treatment must go to the police. LGBT victims of hate speech may lay a complaint with the SAHRC or approach the Equality Court for relief. ",261,sharciga wadanka k afrika waxuu difaaca haweenka isqaba raga isqaba hadii aad tahay mid dhibane ah ama loo hanjabay  waa in aad ado booliskahadaad tahay mid  hadal nacayb ah lagu dhahay waxaad u gubin kartaa hayada xuquuqda adamaha xarunteeda am sinaanta maxkamada,264,261,297,,
,,,,LGBTI & VAWC,12,arimhaha guriga iyo galmada,27,LGBTI Safety,12,amaanka  jinsiyada,18,The Refugee act states that the LGBTI group can get protection if they are persecuted for their sexual orientation. Don’t be afraid to disclose your sexual orientation when applying for asylum. The RRO must treat your claim with confidentiality. ,246,heerka qaxootinimo ee jinsiyada galamda waxay helayaan difaac hadii ay u doodan galmadooda marka ay codsanayaan magan galyo  ha ka cabsan xafiiska qaabilaada qaxootiga waana in aad ku kalsoonato sheegshadaada,208,246,282,,
,,,,LGBTI & VAWC,12,arimhaha guriga iyo galmada,27,LGBTI Help,10,cawinta jinsiyada,17,Contact Lawyers for Human Rights (LHR) or another legal organisation if your claim isn’t treated with sensitivity and respect. www.lhr.org.za; 011-339-1960 or 012-320-2943.,172,la xidhidh hayada sharci yaqaanada u dooda xuquuqda adamaha ama uwa kale eesharciyada booqo www.lhr.org.za ama011-339-1960 ama012-320-2943 ,139,172,208,,
,,,,LGBTI & VAWC,12,arimhaha guriga iyo galmada,27,Abuse help,10,caawin khusaysa xadgudub,24,Abuse is illegal in SA. Get free legal help from selected women and children’s organisations or call the toll-free helpline on 0800-150-150 for help and counselling.,165,xadgubka sharci darada ah waxaad la xidhiidhi karta ururda haweenka ama ciyaalka wac bilash 0800-150-150- si ay kuu cawiyaan,124,165,201,,
,,,,LGBTI & VAWC,12,arimhaha guriga iyo galmada,27,Abuse Rights,12,xuquuqda xadgubka,17,"Women and children have the right to live free from physical, verbal or sexual abuse. All types of abuse must be reported to the police. Remember: a protection order can prevent more violence. Violence can mean intimidation, physical, sexual or verbal abuse, being threatened with abuse or when you lose your freedom. Abuse by men or women is not acceptable and you can report them.",382,haweenka iyo ciyaalkawaxay haystan xoryad dhinac kasta ah  nooc kasta oo ah xadgub ah waan in aad  war galiso booliska ogow codsiga difaacidu waxay kaa cawin dhib badan qalalaaso macnihiisu waa dhib jidhka ah ama galmada ah kuwaas oom ku bilowday xadgudub marka aad lumiso xoriyadada sabab nin ama naag waa in aad war galiso,324,382,418,,
,,,,LGBTI & VAWC,12,arimhaha guriga iyo galmada,27,Report abuse,12,akhbaarta xadgubka,18,"If you or your child suffers from abuse, you must report it to the police. The police will open a criminal case. You must make a statement. You’ll get a case number. An officer will investigate your case. Some police stations have special units for domestic violence, sexual offences and child protection. Go to a police station close to your home. If you don’t, your case will take longer to process. You’ll go for a medical examination and counseling.",453,marka adiga ama ilmahagu ay la dhiban yihiin xadgudub waa in aad war galiso booliska  waxay kuu furayaan kiis danbe  markaasna way daba galayaan kiiskaguna waxuu si gaar ah u khuseeyaa xero gaara ah wxay leeyihiin koox gaar ah o qaabilsan hawlahaas xero kast oo kuu dhow aad  waxanad ada daryeelka caafimaadka iyo talooyika,323,453,489,,
,,,,LGBTI & VAWC,12,arimhaha guriga iyo galmada,27,Protection,10,difaaca,7,"If you’re afraid of more violence or feel threatened, you can go to court and get a protection order. You don’t need a lawyer. A protection order can order your abuser to stop abusing you, to stay away from you or force him/her out of your home. Documents like medical reports and photos of your injuries can help your abuse case.  If there’s enough proof of abuse, you’ll get an interim protection order and suspended warrant of arrest. ",438,hadaad cabsato ama aad dareento hanjabaad waxaad adi kartaa maxkamada waxaad heli codsi difaacitaan uma baahnid sharci yaqaan ku difaaca codsiga difacitaanka ayaa ku khasbaya in  uu joojiyo waxa uu kugu hayo isaga aa iyada waxa kle oo ku caawinysa dhawaca sawirada waxay wax kataraysa kiiskaaga waxayna u horseedi karta in la xidho,331,438,474,,
,,,,LGBTI & VAWC,12,arimhaha guriga iyo galmada,27,Disobey P.O.,12,diidmada arimaha warqada iyo iwm,32,"If the abuser disobeys the order, you can get him/her arrested. You’ll need to go back to court a second time. Your abuser must also be there. The court will listen to your case. The court may give you a final protection order. If your abuser disobeys the order, he/she can get arrested.",287,hadii xadgubaha uu u hogaansami wayo waad xidhi kartaa  waxaanad u baahan tahay in aad ku  noqoto maxkamada  marka labaad maxkamadu waxay ku siin difaacida ugu danbaysa hadii ay u hogaansami waayo waad xidhi kartaa.,215,287,323,,
,,,,LGBTI & VAWC,12,,0,Trafficking,11,ganacsiga,9,"Human trafficking is a form of modern-day slavery where people are taken to another country under a false act. They’re exploited, can't leave and are tricked with false promises of good jobs and better lives. They're forced to work in brutal and inhumane conditions. Traffickers are dangerous and shouldn’t be confronted. Call the International Organisation for Migration (0800-555-999) or go to a police station if you know of someone who has been trafficked.",460,ka ganacsiga dadka waa adoonsi casri ah marka dadka  ay istimaalan wax been ah wadan kle waxay uga faadaysanyaan kamana tagi karaan shaqo fiican waxayna ku khasbayaanshaqo  arxan daro ah xaalada bahdil ah ka ganacsada yashu waa khatar e wac hayada caalamiga ah ee soo galootiga 0800-555-999 ama aad booliska haadad ogtahy kuwo ka nagacsadayaal ah,346,460,496,,
,,,,,,,,Back,4,kanoqo,6,,0,,,,,,
,,,,,,,,,,,,,2905,,,,,,
,,,,Safety/Children,15,amaanka iyo ciyaalka,20,Children without parent/guardian,32,ciyaalka aan lahayn waalidka,28,Children without a parent or guardian must be referred to the Department of Social Development. A social worker will be assigned to the child. The social worker will go to the Children’s Court. The court will confirm if the child is in need of care.,249,ciyaalka aan lahayn walidka ama ilaashimo waa in ku xidhnaadan waxad arimaha bulshada iyo hormarinta waxay u xilsaaran yihiin ciyaalka waxay adayaan ciyalka waxaana go aaminaya in ilmahan u baahan yahay caawin maxkamada,219,249,285,,
,,,,Safety/Children,15,amaanka iyo ciyaalka,20,Place of safety,15,meesha nabad galyada,20,"The social worker will verify the child’s placement in a temporary place of safety. A report must be compiled. If the child is a migrant, the social worker must try to find and reunite the family in the country of origin. If the family can’t be located and the child can’t be returned home, you must contact a legal counsellor. This is important: children must get documented as soon as possible, otherwise they risk becoming stateless.",436,waxada arimaha bulshada way hubisaa in ilmaha bara goobayn si ku meel gaadha meel nabada ah warka wa in uu yahay mid dhamaystiran hadii ilmuhu yahay soo galoti waxda arimaha bulshada waa in ay isku daydo in ay dib u mideeyaan qoyskooda meesha uu asal ahaan ka yimid  waxaad la xidhiidhtaa waxada sharciyada  taas waa muhiim ciyaalka waa in ay haystaan warqada ha sharciga hadii kale waxuu khatar u yahay qaran jabab,415,436,472,,
,,,,Safety/Children,15,amaanka iyo ciyaalka,20,Xenophobia,10,jinsi nacaybka,14,"Xenophobia is an irrational hatred towards foreigners or an unreasonable fear or hatred of the unfamiliar persons. If you are a victim of xenophobic attacks, you must report it to the police. Go to the police station closest to your home. You must explain in detail what happened. The police will open a case. You will get a case number. Keep it safe! If you’ve lost your document, get an affidavit from the police that explains your situation. Go to the RRO for a new permit.",476,jinsi nacaybku waa ficil nacaybsho kaas oo lagu la kaco kaliya ajaanibka  ama waa fal fulaynimo ama waa nacayb aan lahayn wax isaga oo kle ah hadaba hadad tahay qof dhibane jinsi nacay waa in aad war galisa booliska  aad booliska kuugu dhaw meesha aad joogto  waa in aad u qeexdo waxa dhacay iyo say u dhacen booliku waxay kuu furayaan  kiis  hajina kiiska  haddaad lumiso sharcigaaga   aad booliska ka soo qoro cadayn boolis   sharxasa sida wax kuu gadheen  aad waaxda  qaabilaada qaxoootiga  si aad u hesho warqad sharciya o cusub,532,476,512,,
,,,,,,,,Back,4,noqo,4,,0,,,,,,
,,,,,,,,,,,,,1177,,,,,,
,,,,Qualifying for permanent residence,34,gaadhida xiliga daganaansho rasmiya,35,Requirements,12,codsiyada,9,You qualify for permanent residence if you've had a work/spousal visa for 5 years OR you are a child under 21 of someone with permanent residence OR you are a child of a citizen.,178,tayo daada daganaasha ha hadaad haysato  dalkugal 5 sano ahama ilmahagu yahay kayar 21 sani  waxaad  tahay dhaladka wadanka,123,178,214,,
,,,,,,,,Back,4,noqo,4,,0,,,,,,
,,,,,,,,,,,,,186,,,,,,
,,,,Permanent Residence,19,daganansho rasmiya,18,Interview,9,su aalaha,9,Application requires an interview with Home Affairs officer at VFS centre when submitting your application form. Married couples/partners must both sign form and attend interview together.  ,190,codsiga sharciga lagaa rabo marka su aalaha lagu waydiinayo waxda sharciyada gudbi codsigaaga  ama kuwa isqaba waan in ay wada saxeexaan kana wada qayb qaataan su alaha ,169,190,226,,
,,,,Permanent Residence,19,daganansho rasmiya,18,Online Application,18,codsi toosa,11,Complete a BI-947 online application for the correct visa type and book an appointment for your nearest VFS centre by visiting http://www.vfsglobal.com/dha/southafrica/index.html,178,dhamaystrirka ba da kowaad/b1-947/waa toos codsiya si saxa dalkugala waxaad u baahan tahay balan meesha kugu dhaw ee waxda galkugalka  ama booqo www.vfsglobal/dha/southafrica/index.html,185,178,214,,
,,,,Permanent Residence,19,daganansho rasmiya,18,Where to apply,14,xageed ka codsatay,18,"After completing the online form, you need to apply at VFS centre in Durban, Cape Town, Port Elizabeth, Joburg, Pretoria, Rustenburg, Kimberley, Polokwane, Nelspruit, George or Bloemfontein. ",191,"marka aad dhamayso codsiga tooska bwaxaad u baahan tahay in aad codsi kale xarunta dalku galka  sida darban kebtown.johansibeg,bot elisabet. nelsibarayd,bolokuwane,buluumfoontayn,,",180,191,227,,
,,,,Permanent Residence,19,daganansho rasmiya,18,Docs required,13,maxaad wax ku codsatay,22,Please see VFS website here http://bit.ly/1T93608 for list of documents needed per visa type. Make sure you have all required documents or your application will be rejected.,173,fadalan arag xarunta dalkugalka/vfs/wabka halkanhttp//bit.ly/it93608 ama liiska waraqha waxaad u baahan tahay dalku galkasta  hubi in aad codsatay   ama lagu siiyay diidmo,171,173,209,,
,,,,Permanent Residence,19,daganansho rasmiya,18,Process time,12,wkatiga shaqada,15,Permanent residence permit applications have a minimum processing time of 8-10 months. Track your application online on VFS Global website to determine your application status.,176,"codsiga daganaasho rasmiya waxaa ugu badan ilaa 8--10 bilood   la soco copdsigaaga  si toosa VFSGLOBAL,WABKA,si aad u ogaato codsigaaga halka ama darajada u marayo",163,176,212,,
,,,,Permanent Residence,19,daganansho rasmiya,18,Paying fees,11,bixinta gunada,14,"Pay by EFT, credit/debit card at the centre or prepayment at a Standard Bank branch. Acount name: VFS VISA PROCESSING SA (PTY) LTD; Bank: STANDARD BANK; Branch Code: 011545; Account number no: 002012731",202,"waxaad ku bixin kartaa kaar ka amahda xarumaha   ama meela ha lagu bixiyo sida istandhar/standard baanki magaca lagu diro VFS GLOBAL PROCESSING K A  PTY, QAYBTA 011545  MAGA AKOWNTIGA  002012731",194,202,238,,
,,,,Permanent Residence,19,daganansho rasmiya,18,Collection,10,diwaanka,8,"Collect at VFS or have representative collect. Applicant's passport is needed. The representative also needs an authorisation letter with the applicant's name, passport no., signature, own name, ID no. and copy of ID.",217, soo qado dalkugalka  iyo codsiga basaboorka  waxaana laga baahan yahay sida qof ku mata hadaadan joogin iyo waliba qoraaal aad ku ogolaanayso adiga oo ku cadaynaya magacaaga iyo aqoonsigaaga saxeexaaga koobiga aqoonsigaaga,223,217,253,,
,,,,Permanent Residence,19,daganansho rasmiya,18,Proof of visa,13,hubinta dalkugalka,18,"If you need proof of your permanent residence visa, you will need to fill in a form on www.vfsglobal.com to make an appointment at VFS. Take your documents and you'll have to pay a fee.",185,hadaad u baahan tahay  cadayn daganashahaaga  ama dalkugalkaaga waaxaad u baahan buuxiso foomka  wabka www.vfsglobal.com si aad uga qabsato balan dalkugal  qado warqadahaga waana in aad bixiso gunada,199,185,221,,
,,,,,,,,Back,4,noqo,4,,0,,,,,,
,,,,,,,,,,,,,1548,,,,,,
,,,,,,,,,,,,,,,,,,,
,,,,Statelessness,13,guri laaan ,11,Statelessness,13,"Guri la,aanta ",14,"A stateless person doesn’t have citizenship in any country. You are also at risk of being stateless if your nationality status is undecided. Not all undocumented persons are considered stateless, e.g. when your birth isn’t registered or if you don’t have a birth certificate, ID or passport. ",292,qofka qaran jabsan ma haysto wax dhalasho ah oo wadan  markaa s waxaad khatar u tahay  dhib badan inta aan laga go aan gaadhin dhalashadaada mana aha dhamaan sharciyadaada  tusaale   hadii aad dhasho waa in aad is diwan galiso  si aad u hesho cadayn dhalasho aqoonsi baasa boor  ah,281,292,328,,
,,,,Statelessness,13,guri laaan ,11,Risks,5,khatarta,8,An undocumented person’s risk of being stateless increases when you belong to a certain category or when certain factors are present like: birth outside your parents’ country of nationality; death or desertion of your parent(s); Irregular migration across international borders; mixed nationality of your parents; loss of clinic cards or records; If you’re close to an international border with high cross-border movement; when the law doesn’t permit dual nationality.,468,qofka aan haysan wax sharcioya  waxuu khatar u yahay qaran jab waxaana kor u kacaysa mararka aad gaadho waxoogaa guul ah  isla markaana dhalashadaadu tahay wadanka debadiisa  dhibaabkana waxa dhacaan marka aad  walikaa dhinto  ama aad goyso xadadka  ama aad isku darto sharciyo hadii ay lumiyeen walidkaa kaarka caafimaadka hadii la xidhayu xadka  marka sharciga  la xidhidha iyo daganashaha,391,468,504,,
,,,,Statelessness,13,guri laaan ,11,Birth Regstr.,13,diwaangalinta dhalmada,22,"A birth certificate proves your place of birth and identifies your parent/s. It’s the most important proof of your nationality. South African citizens born outside SA are entitled to a SA birth certificate. Foreign children born in SA are entitled to a birth certificate, but this doesn’t mean they’re South African citizens. Children born in SA must be registered within 30 days. If you were born in SA, apply for late birth registration. Applications close in December 2015.",476,warqada dhalashadu waxay cadaynaysaaa meesha aad ku dhalatay waxayna ku xaqiijinaysa adiga iyo waaalidkaa  waana cadaynta ugu muhiimsan  k afrika  wadaniga ku dhashay wadanka debadiisa  waxad xaq u leedahay dhalasho wadanka  ciyaalka ajaanibta ah ee ku dhashay wadanka  k afrika waxay xaq umleeyihiin warqada dhalashada ciyalka ku dhasha wadanka kafrika waa in lagu diwaan galiyo 30cosho gudehed diwan galinta waxaa la xidhaa bisha dhiseenbar 2015,447,476,512,,
,,,,Statelessness,13,guri laaan ,11,Citizenship,11,dhalashada,10,"You have a claim to SA citizenship if you: were born to a parent with SA citizenship at the time of your birth; were born in SA to a parent who was a permanent resident of SA at the time of your birth and if you lived in SA until the age of 18; have been adopted by a SA citizen; applied for and received a certificate of naturalisation from the DHA; were born in SA and have no other citizenship, nationality or right to other citizenship or nationality.",455,hadaad sheegato in aadu dhalatay wadanka k afrka  halay ahaayeen walidaka wadani k afrika xaliga aad  dhalatay  halkeed ku dhalatay walidkaa  keebaaa haystay dhalsho k afrikaan ah xiliga aad dhalatay iyo in aad ku noolayd ilaa inta aad ka gaadhaysay 18 sano haad u qalanto in aad noqoto wadani k afrkaan ah  hel warqada dhalashada  foomka dhexdhexaadka ah waxada sharciyada meesha aad kaga dhalaty wadanka k afrka  waxad sido kle in ad haysato dhlasho kle xaq u ledahay si caalamiya,482,455,491,,
,,,,Statelessness,13,guri laaan ,11,Legal advice,12,waano shariga khusaysa,22,"If you struggle to register a birth or access nationality in your country of birth, contact Lawyers for Human Rights on 011-339-1960 or 012-320-2943.",149,hadii aad la dhiban tahay  diwaan  galinta dhalsho ee wadankaga wac sharciyaqaanda 012-339-1960a ama012-320-2943,112,149,185,,
,,,,,,,,Back,4,noqo,4,,0,,,,,,
,,,,Back,4,noqo,4,,,,,,1864,,,,,,
,,,,,,,,,,,,,,,,,,,
Useful Services,15,adeeg muhiim ah,15,,,,,,,,,,,,,,,,
,,,,,,,,,,,,,,,,,,,
About/ T&Cs,11,udiyarsananta qaynuunka iyoshuruucda,36,,,,,,,,,,,,,,,,
,,,,Read T&Cs,9,udiyarsanta nadamka iyoshuruucda,32,Guide,5,qaynuunka,9,This mobile info system is only a guide. It isn’t the same as complete legal advice. Users should contact a law clinic for complex issues. LHR will not be liable for any loss from actions taken as a result of this service. ,223,"nadaamka telefoonka waa nadam  kaliya  manaha aha marka si dhamaystiran  oo sharciya  kamana aha masuul hayada sharciyaqanada q,admaha waxii aad halayso",152,223,259,,
,,,,Read T&Cs,9,udiyarsanta nadamka iyoshuruucda,32,Confidential,12,kalsoonida,10,Your registration and personal details are confidential and safe. These details will only be used when you’ve made a follow up request or report to Lawyers for Human Rights. ,174,"diwaan galintada ama shaqsiyan waa kalsooni iyo amaan waxzaana la isticmaali karaa kaliya marka aad la socoto haysan jirin war gali H,Q,ADAMAHA",143,174,210,,
,,,,Read T&Cs,9,udiyarsanta nadamka iyoshuruucda,32,Costs,5,qiimaha,7,"The registration for this service is free, as is the actual mobile application. You will only be charged according to USSD data fees per their usage. ",150,diwaan galint adeega waa bilaash waxayna kugu kacasaysa sida howsha telafoonkaga  qiimaha marka aad codsato khibrad hawleed,123,150,186,,
,,,,Read T&Cs,9,udiyarsanta nadamka iyoshuruucda,32,Termination,11,joojinta,8,"This service is brought to you by Lawyers for Human Rights, and LHR reserves the right to terminate the usage of this service if you or any user is deemed to be abusing it. ",173,adeegan waxaaa ku fidayay hayada sharciyaqanada u dooda xuquuda adamaha hasdii aad u adeegsato si bilaa sharciya macnaheedeu waad ku xadgubutay,143,173,209,,
,,,,,,,,Back,4,kanoqo,,,0,,,,,,
,,,,,,,,,,,,,740,,,,,,
,,,,About LHR,9,khusaysa arimaha sharciyaqanada xuquuda adaha,45,What is LHR?,12,waa maxay macnaha haayada xuquul insaanka,41,"Lawyers for Human Rights is a NGO. We aim to promote awareness, protection and enforcement of legal and human rights. Our services are free of charge subject to the means test.",176,hayada sharciyaqaanda u dooda xuquuda adamaha waxaan ka caawina in an ogaysino difaacida ku shaqaynta sharciga adamaha deeganagu na waa bilaash ,144,176,212,,
,,,,About LHR,9,khusaysa arimaha sharciyaqanada xuquuda adaha,45,Contact LHR,11,la xidhiidh h.q ad sharciyaqanda,32,"Should you require more information or assistance, please visit www.lhr.org.za or call Lawyers for Human Rights on 011-339-1960 or 012-320-2943.",144,miyaad codsanaysa in badan oo caawin ah  fadaln booqo www.lhr.org.zaama wac  sharciyaqaanada 012-320-290,104,144,180,,
,,,,,,,,Back,4,kanoqo,6,,0,,,,,,